,domain15
AACACTTGGCAAGGAA-1,5
AACAGGATTCATAGTT-1,2
AACAGGCCAACGATTA-1,11
AACAGGTTATTGCACC-1,14
AACAGGTTCACCGAAG-1,8
AACAGTCAGGCTCCGC-1,14
AACAGTCCACGCGGTG-1,14
AACATACTCATATGCG-1,6
AACATAGTCTATCTAC-1,8
AACATCTAATGACCGG-1,7
AACATCTTAAGGCTCA-1,12
AACATGACGCAGCGTG-1,7
AACATGACTTGGCTGC-1,10
AACATGCGCAAGTGAG-1,8
AACCAAGGTATCAGGC-1,9
AACCAATCTGGTTGGC-1,8
AACCACTAACATGATT-1,8
AACCACTGCCATAGCC-1,14
AACCAGAATCAGACGT-1,7
AACCATAGAATTCGAA-1,15
AACCATCGGAAGCGAC-1,8
AACCATGAATTGCCTT-1,7
AACCGCATGTATGTTA-1,12
AACCGCCAGACTACTT-1,5
AACCGCGGTAACTACA-1,7
AACCGTGCTTATGTTG-1,7
AACCTAAGATACTGAG-1,4
AACCTACAGAGGTAGT-1,12
AACCTACCTACCGGTT-1,14
AACCTACTGTAACTCA-1,4
AACCTGACAGTGCCGC-1,10
AACCTTAGCGTCCGGT-1,7
AACGAAGCGTGGAAGT-1,14
AACGAATTGACCGGTT-1,14
AACGACCATTCGAATC-1,10
AACGAGCCTCTTCGGC-1,6
AACGAGCTAATAACTA-1,12
AACGCTTCGAGTAACT-1,7
AACGGCACAGAATATT-1,9
AACGTCGCGACAAGGT-1,14
AACGTGACGGTCCACC-1,9
AACTAGCACTGTTCGA-1,14
AACTAGCATCACGTAC-1,8
AACTAGCCTAATAGCA-1,9
AACTAGCCTTGCAATA-1,2
AACTAGCGCTCCAGTT-1,13
AACTAGGCCTGACACC-1,4
AACTATCTAGCAGTAT-1,10
AACTATGCTGCATTCG-1,5
AACTATGTGCTTGTTA-1,4
AACTATTCTGCGGCCT-1,9
AACTCAACCTTGACCA-1,5
AACTCAACTTGACAGC-1,5
AACTCACCGAACTTAT-1,5
AACTCACCTCGGTGTT-1,7
AACTCAGATCCATGCC-1,14
AACTGCAACGTCCTGG-1,4
AACTGCAATACGGATT-1,9
AACTGCCGGAGTAACA-1,5
AACTGCCTCGATAGGT-1,5
AACTGCGATCGACTAA-1,9
AACTGCGATGAATAGG-1,13
AACTGCTACCTCGATA-1,4
AACTGGATACTTCACT-1,8
AACTTAACAGTGAGGA-1,8
AACTTATGATACGTAC-1,5
AACTTCAAGGATAATC-1,12
AACTTCACAATAACTG-1,5
AACTTCAGATACTACC-1,4
AACTTCAGCATGGCCG-1,10
AACTTCATCTTCTGGT-1,6
AACTTCGCTTAGTCAG-1,5
AACTTGCAACTTGGAC-1,4
AACTTGGTTAATACTA-1,10
AAGAATTCTGGCTGCA-1,5
AAGACAATCTCCTGCA-1,5
AAGACTAAGGAGATCC-1,8
AAGACTCAAGGCTCCA-1,12
AAGACTGCTACTTCCT-1,3
AAGACTGTCATAGTGC-1,14
AAGAGCAGATGTGCCA-1,7
AAGATACAGGCGAACG-1,9
AAGATAGTCGACCTTG-1,8
AAGATGAAGGTCATCG-1,12
AAGATGCACTATACTT-1,9
AAGATGGCCGCTAGTT-1,8
AAGATTAGGCTGTCTA-1,9
AAGATTATCTAGCATA-1,5
AAGATTGACACTCGAT-1,1
AAGCAAGAGCGTGATC-1,14
AAGCAGCCTACTAAGC-1,15
AAGCAGCGGACACGTG-1,5
AAGCAGTATCAGAATC-1,14
AAGCAGTGAGTGCGAC-1,8
AAGCAGTGGCATCACT-1,5
AAGCAGTGTACACCGC-1,13
AAGCAGTGTAGAATCT-1,5
AAGCATCAAGCGTGAT-1,8
AAGCATTGAGTGGTTG-1,5
AAGCCACCATTCAAGA-1,8
AAGCCACGCATAATGA-1,15
AAGCCACTATGTCTAA-1,14
AAGCCAGATATCAGAA-1,8
AAGCCAGATCCAACAT-1,7
AAGCCAGGCCGACGTG-1,5
AAGCCAGGCTGCTTGA-1,7
AAGCCAGGTTACGAAC-1,6
AAGCCATCCGTGCTAT-1,8
AAGCCATCGCGATATG-1,8
AAGCCATTATCTGCCA-1,8
AAGCGACGAACCGCCT-1,7
AAGCGAGGAAGTGAAC-1,12
AAGCGTTCGTCTGTCC-1,7
AAGGACATAACCGCAC-1,10
AAGGACCAACATGGCT-1,10
AAGGACCTGCAAGCAT-1,11
AAGGAGGCACTCAATT-1,14
AAGGAGTGGCTACCAA-1,13
AAGGCAGTCTGATCAC-1,4
AAGGCATGAACAGCTC-1,10
AAGGCCAATTCAATAA-1,7
AAGGCCAGTCGCAATT-1,14
AAGGCCGACCTACCTG-1,4
AAGGCCGACTATGTAA-1,14
AAGGCCGATTCTGAGC-1,4
AAGGCCTCGCGAGGAA-1,11
AAGGCGAACAGCATAA-1,15
AAGGCGAACTAGTAGA-1,5
AAGGCGACGGTGTCGG-1,5
AAGGCGAGGTTCATGT-1,7
AAGGCGCCGACAATCT-1,7
AAGGCGCCTAACATAG-1,12
AAGGTGGATATGATCG-1,8
AAGGTGTCCATTAAGA-1,9
AAGGTTGCAGAAGCAG-1,12
AAGGTTGCTGAGTTGA-1,10
AAGTACTAAGGTTACG-1,7
AAGTACTACAGTAGAA-1,12
AAGTACTGGATGCGCA-1,12
AAGTATTGTAGGTCGC-1,11
AAGTCGCTATCCTGTC-1,5
AAGTCGGACACTTCAG-1,5
AAGTCTACCGGTTGGA-1,5
AAGTCTACGCACTCGG-1,11
AAGTCTGTCAATTCTT-1,14
AAGTCTTAAGTTGCCA-1,5
AAGTGAGCCTGTTACA-1,4
AAGTGATCCACGAGCG-1,11
AAGTGGACGAATCTAC-1,10
AAGTGGCGAAGTTAAT-1,4
AAGTGGCGAGTGTACA-1,14
AAGTGGTTCCTCGCGT-1,10
AAGTTAAGCACTATAA-1,5
AAGTTACTATTACATC-1,5
AAGTTCCTATTGCTGG-1,2
AATAACATGTGCTATG-1,8
AATAACATGTTACGTC-1,5
AATAACGTAACTGTGA-1,5
AATAACGTATTGAACA-1,7
AATAACTCTACGATGT-1,7
AATAACTTCATACGGA-1,9
AATACAATGCGAGCAG-1,7
AATACGAGAACACTCG-1,9
AATACGCATATCCAGA-1,14
AATACGGTACGGCCTA-1,10
AATACGTAGACAGTTA-1,2
AATACTAACCACTTAT-1,8
AATAGATAGCCTAACC-1,5
AATAGCACGGAAGCGA-1,5
AATAGTATAGTTGTCG-1,5
AATAGTCGTTATCTAG-1,6
AATAGTGCTCATAGAA-1,5
AATAGTGGAAGAGCAT-1,12
AATAGTTGGTGCTCAG-1,5
AATATTAGGCTTCTGG-1,2
AATCCGCCGACCTGAG-1,5
AATCCGCCTGGTCAAT-1,14
AATCCGGAGCTTGTCT-1,14
AATCGAACGGACGGAG-1,5
AATCGAATGTAACAGT-1,12
AATCGACTATCGCTAG-1,5
AATCGGCGCCAACGGT-1,7
AATCTATCTAACCGAG-1,14
AATCTGCGAGACGTTC-1,12
AATCTTAGCCTCTGTC-1,7
AATGAACTACGTCCAG-1,8
AATGAAGACGGTTCAG-1,5
AATGAAGAGGATGTAT-1,9
AATGAATCGGAAGGCA-1,4
AATGATTACAACCTAA-1,4
AATGCAATCACTGTCG-1,5
AATGGACATCCTACTC-1,2
AATGGAGGACCTGGTG-1,9
AATGGCATAGTATCAT-1,14
AATGGTCGAACGTGAA-1,13
AATGGTCGATACTCGG-1,10
AATGGTCTCGAGCGCT-1,14
AATGGTGCGTCCTAAC-1,7
AATGGTTATTCTAGCT-1,5
AATGGTTGAGTCGGAA-1,7
AATGTACTTAACATCA-1,4
AATGTAGTCTTACGAG-1,8
AATGTCAGGTCATTAC-1,5
AATTACCAACTCCGTA-1,11
AATTAGCAACCGTTCC-1,10
AATTAGCTTAGGTGTA-1,7
AATTATACCTCAATGA-1,13
AATTCTAACATCGTGC-1,9
AATTCTCAGACGCAAC-1,10
AATTCTCGCACCAGTA-1,14
AATTCTTGCATTGGTC-1,13
AATTCTTGGATACGGA-1,5
AATTGCATTGAAGAAT-1,2
AATTGCGGTGCTAATA-1,5
AATTGCGTCAGACACT-1,5
AATTGGACGGCATCGT-1,5
AATTGGAGACATGGAG-1,10
AATTGGCTTGAGTTGC-1,2
AATTGGTTATGATACA-1,12
AATTGTAGAATCCTAG-1,5
ACAACCTTGGTGTCAA-1,9
ACAACGAGCGATCTGA-1,9
ACAACGCCGATAGTAT-1,14
ACAACGTGAATTCACG-1,12
ACAACTAACCAGTGGA-1,7
ACAACTAAGGTGTTAT-1,14
ACAACTAAGTGGCGCT-1,4
ACAACTGAATCCAGTC-1,7
ACAACTGTCGTGGATA-1,9
ACAAGTAGTTCCGGTA-1,15
ACAATACAATCCTTAA-1,7
ACAATACACTTCCATC-1,9
ACAATACAGGCGCCGT-1,4
ACAATACGCCTTATTC-1,12
ACAATAGGATCCAACC-1,7
ACAATATCATCCGGTA-1,12
ACAATTGGTCGCGTAA-1,4
ACAGAAGTGATCAATC-1,8
ACAGAATAAGAACCAT-1,4
ACAGAATAAGATAGTG-1,7
ACAGAATCCGTTGCTT-1,4
ACAGAATCTTGATAAG-1,12
ACAGAATGTCTTATTG-1,4
ACAGAATGTTGAGTCC-1,8
ACAGCCAGGCATAAGC-1,14
ACAGGAACTACAGAAC-1,2
ACAGGACTGAGCCGAT-1,12
ACAGGAGTCATAATGT-1,15
ACAGGATACCGGATTC-1,6
ACAGGCACGCGAGGAT-1,6
ACAGGCCTTCTAATGC-1,15
ACAGGTACCAAGGAAG-1,10
ACAGGTGGACGACCTC-1,3
ACAGGTTCAGTGAACG-1,2
ACAGTACGCACTACCT-1,6
ACAGTCACAATATTAG-1,7
ACAGTTGAGGCTAATG-1,3
ACATAACCTCTGCCTT-1,3
ACATAAGACGCATATG-1,10
ACATAAGCAATGCGGT-1,10
ACATCACTGGCGTTCG-1,13
ACATCGAAGTGATTAA-1,11
ACATCGCCACAAGAGG-1,10
ACATCGCCTAGTATGT-1,11
ACATCGGCTTACAAGG-1,5
ACATCGTAGACAGGTT-1,4
ACATCGTCGGTCTACC-1,7
ACATCTACCTGTTCTA-1,13
ACATCTATCCGAACCA-1,5
ACATCTCAGTATTGCA-1,12
ACATCTCGACAACCAC-1,4
ACATCTCGCATAGAAT-1,9
ACATGGATGCGTAAGC-1,4
ACATGTTCACCGGCAG-1,11
ACATGTTCCAGGACGT-1,5
ACATGTTGCTTGATCT-1,8
ACATTCCTGAGTTCCG-1,7
ACATTGAACTAAGCTA-1,15
ACATTGAAGGCGGTGC-1,5
ACATTGAATACGCATA-1,5
ACATTGCAGTTCGGCA-1,7
ACATTGGTTCACAGTG-1,7
ACATTGGTTCTGCCGT-1,6
ACATTGTACATTCTTG-1,2
ACCAAGCACTTGCGCA-1,9
ACCAAGGCTTCGCTAG-1,1
ACCAAGTGATGGTGAG-1,5
ACCAAGTGGCTGTATG-1,5
ACCAATCATGGTTCAT-1,7
ACCAATGAGCCTCATC-1,12
ACCAATGATCGCGGCC-1,11
ACCACGGAAGTTAATT-1,8
ACCACGGATCCGGATA-1,13
ACCACGGCCTCGCACC-1,9
ACCAGCACTCCAATAC-1,11
ACCAGTATGAAGTTCC-1,5
ACCATAACTCCTCGTA-1,10
ACCATCCGTTCGAGTG-1,5
ACCATTAGATCGTGGC-1,7
ACCGAAGATGTCGGCA-1,7
ACCGAAGCCGAATTAA-1,12
ACCGAGAACGTGTTGG-1,13
ACCGAGGTGATACCGA-1,8
ACCGATTCCGGATACT-1,9
ACCGATTGAGGATCTG-1,12
ACCGCAGGTCGAGTTG-1,12
ACCGCTTGCTAAGCAG-1,10
ACCGGACGCCAAGCGT-1,7
ACCGGCACCATACTGC-1,14
ACCGGCACGTACGAAC-1,4
ACCGGCCGACCTGCAC-1,7
ACCGGCCTCAGGAGTT-1,9
ACCGGCTATCGTGCGG-1,14
ACCGTACACGACCGTC-1,5
ACCGTACTATCGGAGG-1,4
ACCGTAGGCGGAGGTT-1,7
ACCGTCGAGTATACTC-1,13
ACCGTGTTATAAGTCG-1,15
ACCTAACAATCTTCAA-1,15
ACCTAAGTGATAATCA-1,9
ACCTAATGTTACCAAT-1,7
ACCTAATTGTCGCTGA-1,8
ACCTATAACGAACTAC-1,4
ACCTATGCTACCGGAT-1,6
ACCTCCGATTATAAGA-1,7
ACCTCCTAGAGGCATG-1,5
ACCTCGCACTAAGAGC-1,11
ACCTGCCACTATCAAT-1,12
ACCTGCCAGAGGATCT-1,7
ACCTGCTTATAGTTCG-1,7
ACCTGCTTGAGCCTGG-1,14
ACCTGCTTGCTACGAC-1,12
ACCTGTAACCGAATAA-1,13
ACCTGTCTGCGGTTGT-1,11
ACCTGTGGCGCTGCAA-1,13
ACCTGTGGTCACCTCG-1,14
ACCTTCAGACCTCGGT-1,7
ACCTTGGCTCTGTAAG-1,11
ACGAACATAGGATCGG-1,15
ACGAACGCACGAGCAC-1,7
ACGAAGCCACCTGAGG-1,15
ACGACAAGCACTTCAC-1,5
ACGACTGAAGACTTAC-1,14
ACGAGGACAACTCACC-1,15
ACGAGGACCTGCTAGT-1,9
ACGAGTGCGTGCGTTC-1,5
ACGATGACTATTAGAT-1,4
ACGATGCGAAGGAGCA-1,4
ACGATGCTCCAATACA-1,5
ACGATGTCGCACAATC-1,5
ACGATGTCGTTGCCAA-1,4
ACGATGTTACCTCATT-1,2
ACGCAACGAAGAGTAT-1,7
ACGCAAGGCATAAGTC-1,5
ACGCAATAGTATACGA-1,10
ACGCACATTGTAAGTA-1,8
ACGCCGGCATCACTGG-1,14
ACGCCTCCGATGTTCC-1,15
ACGCGGAAGAGTTCCG-1,8
ACGCGGCTCAAGTTCA-1,9
ACGCGTAGACTCAACT-1,9
ACGCGTCGGTGAGGTT-1,2
ACGCGTTCCAGCCTTC-1,5
ACGCGTTCGCGATCAT-1,14
ACGCTCAGTGCTATTC-1,8
ACGCTGCGATTAACGA-1,8
ACGGCCGTCAACGTAT-1,5
ACGGCCGTGACATTAA-1,9
ACGGCCTTGCCAGAAC-1,9
ACGGCTATGGCATACC-1,5
ACGGCTTAACGATAGT-1,10
ACGGCTTACGTATGCC-1,7
ACGGCTTATTGGTATG-1,6
ACGGCTTCAGGTACCG-1,5
ACGGCTTCCATCGGAA-1,14
ACGGCTTCGATTAAGC-1,8
ACGGCTTGTTCAATCG-1,14
ACGGTCGCATCTAGAA-1,15
ACGGTCGGACAGGCGA-1,13
ACGGTGATAATGTTAC-1,6
ACGGTGTACGGTGCCA-1,5
ACGGTTACATCCGAAG-1,5
ACGGTTCACCTTCCGG-1,5
ACGGTTCGCAAGTAAC-1,5
ACGGTTCGTACAGTTG-1,14
ACGGTTCGTCCGACCG-1,14
ACGTCAGATTACTTCG-1,12
ACGTGCAATTATTCGG-1,4
ACGTTAATACAATGAC-1,2
ACGTTACGCAGACAGC-1,12
ACGTTAGGCTCAAGCC-1,10
ACGTTAGTACTGGACA-1,7
ACGTTCACGACTAGGT-1,4
ACGTTCACTAGTTGTA-1,10
ACGTTCCATTACCTCA-1,12
ACGTTCGTCCGCCTAT-1,5
ACGTTCTATGCACGAC-1,14
ACGTTCTGCCATAATC-1,4
ACTAATGCCTTGCATC-1,11
ACTAATTCTATGCGCA-1,7
ACTACAATGACCGTAA-1,14
ACTACCAACTGTGGCT-1,15
ACTACGCCTCATGATT-1,12
ACTAGATCTGAAGCGG-1,5
ACTATCAAGGACGGAA-1,13
ACTATGAGGTTCTGTC-1,12
ACTATTACCAGGTGCT-1,7
ACTATTAGACAGGCTG-1,14
ACTATTAGCCTAATCG-1,7
ACTATTGTTCGCACAG-1,12
ACTCAGCGGTAGATTG-1,14
ACTCAGCTCGAGTGTC-1,5
ACTCAGCTTCTGAGAC-1,14
ACTCAGGCCTGCAACT-1,4
ACTCAGTAGATACAAT-1,13
ACTCAGTGAGCCTCCA-1,2
ACTCCAGGCCGAAGAC-1,14
ACTCCAGTAGCTCCAG-1,12
ACTCCTATGTTCCTAC-1,8
ACTCCTGACCACTGAG-1,15
ACTCCTTGTCCAGACC-1,8
ACTCGAACGTTCGTTA-1,9
ACTCGAGTCCAAGTTG-1,8
ACTCGATTGATATCCA-1,14
ACTCGTATTGTCAGAA-1,12
ACTCGTTCCTGATACA-1,8
ACTCTAAGCTTGCGCC-1,14
ACTCTACTTCCGCATT-1,14
ACTCTGACCTTACTGA-1,13
ACTCTTGCGGAGAACC-1,9
ACTGACGGCCATGTCT-1,8
ACTGACGGCGAATAGT-1,8
ACTGACGTGATATTGG-1,4
ACTGACTCTGCTGGCC-1,5
ACTGACTGTCATCTAC-1,8
ACTGAGACCTTAGCAC-1,5
ACTGAGCGATTACTAA-1,13
ACTGAGCGCAACTCAT-1,5
ACTGATACAGAACGTC-1,13
ACTGATACCTTCACTA-1,13
ACTGATACTCCATTAC-1,9
ACTGATAGCACGGTCT-1,11
ACTGCAAGGCTTCTCG-1,14
ACTGCATCTTGTTCCA-1,15
ACTGGTAAGGCCTCAG-1,5
ACTGGTGATTCCGATC-1,5
ACTGGTTCTGAACGAT-1,5
ACTGTACAATTCTACT-1,5
ACTGTACATCCGATAC-1,6
ACTGTAGACAAGGAAT-1,5
ACTGTAGAGTGCCGGC-1,14
ACTGTATTCTAGTCCA-1,10
ACTTAAGCCAGTAGGA-1,7
ACTTCGACGGATCATT-1,7
ACTTGAAGCGAGCGGT-1,4
ACTTGAATTAGCCGGT-1,12
ACTTGACTGAGCACGA-1,7
ACTTGAGCCGTTCTTA-1,2
AGAACAGGAGCATGGA-1,14
AGAACATACTGGTCGT-1,13
AGAACTTCGATGCGTA-1,14
AGAAGCAATGAGGAAC-1,1
AGAAGCAGCCTAAGCT-1,5
AGAAGCTGGCCTAGTG-1,1
AGAAGGATGGTATGAA-1,14
AGAAGGCGTAGAATAG-1,5
AGAAGTTAACCAGAGC-1,12
AGAAGTTGAGCGCAAG-1,14
AGACAAGACGTATCGC-1,14
AGACATCTTAGCACCT-1,2
AGACCGAAGACTACTC-1,9
AGACCGACCGCAGACA-1,5
AGACCGCCAAGTTCAA-1,15
AGACCGCCGGCCAATG-1,2
AGACCGGAGCAACGCT-1,5
AGACCGTCACTGAGCT-1,7
AGACCGTCATTAGTTA-1,14
AGACCTATCCTTATAG-1,8
AGACCTCAGCGAGGTG-1,6
AGACCTTCGCGTGAAC-1,8
AGACGATGCTGATAAT-1,7
AGACGCGTGATGCATC-1,12
AGACGCTTGGCCTCAC-1,7
AGACGGCCTTACGGAG-1,2
AGACGTAGGCGGACCG-1,7
AGACGTGGCGTTGAGT-1,5
AGACGTTGCACCGCCA-1,15
AGACTACGTGCTCCAT-1,10
AGACTCAGACAGATAA-1,6
AGACTCATGACCTGGC-1,5
AGACTCATTGCGGACA-1,5
AGACTCCGCTTCGTAT-1,9
AGACTCCTGTATGGCG-1,5
AGACTCCTTATCATAC-1,14
AGACTCGACTCCTAAT-1,15
AGACTCTATTAGCGCT-1,12
AGACTGGAACCGTTGG-1,13
AGACTGGTAAGGAGGT-1,4
AGATAACCAATACGCC-1,7
AGATAAGCCACTCATA-1,12
AGATAAGTGCTACGAC-1,10
AGATACAAGGATGGTG-1,8
AGATACATCTACGCAC-1,10
AGATACTAATCAGGCG-1,8
AGATAGGTGAATTGCC-1,14
AGATAGGTGACCGCGT-1,13
AGATCAAGCATCTACT-1,7
AGATCAGTCGATAGAA-1,2
AGATCATTCACGCTGT-1,7
AGATCTAACGAGCTCA-1,9
AGATCTCCGCCTTATT-1,8
AGATGAGGCGCCTCCA-1,10
AGATGCACGTAGGTGC-1,13
AGATGCTCCGTCATCT-1,14
AGATTGAGTTAGGAAC-1,14
AGATTGCGCCTCGCTC-1,14
AGCAACAGTATGTCGC-1,15
AGCAATAACAATTCCA-1,15
AGCACCTCCAATCACG-1,11
AGCACGAGATAACGGT-1,9
AGCACGATACCTAAGC-1,10
AGCACGCTCGATCTAA-1,14
AGCACGGAGGCAGTCA-1,7
AGCACGTGCACCTCTG-1,11
AGCACGTGCACTGTAA-1,6
AGCACTCATACAGAAC-1,5
AGCACTGCATCCTAGC-1,10
AGCAGGATAGGTCTCC-1,15
AGCAGGTAAGTATCTG-1,10
AGCAGGTATGCCATTG-1,8
AGCATCCTGACAGCCG-1,15
AGCATGAGCGAATATT-1,5
AGCATGCACCGCGTCA-1,8
AGCATTAGACGGATTG-1,9
AGCCAGATACTCGAAC-1,10
AGCCAGCGGCAAGCGT-1,4
AGCCAGCGTTACAGTC-1,9
AGCCGACCGATGTACA-1,15
AGCCGATGTTCTACTC-1,4
AGCCGGCCTATTCCAG-1,2
AGCCGTAGACTCTGAA-1,13
AGCCGTAGTGGAGTGC-1,12
AGCCGTATCTTCGTCT-1,7
AGCCGTATTCAACCGT-1,4
AGCCGTTGCATCCTAG-1,14
AGCCTCCGAACTACCA-1,14
AGCCTCGCATGGTCCT-1,4
AGCCTCTATGCAGCAA-1,12
AGCCTCTGTTCCGATG-1,7
AGCGACAGCTACATCG-1,7
AGCGACATCCTTCTAA-1,10
AGCGACCGTTCTATAC-1,10
AGCGACTATGTATCTT-1,5
AGCGAGAACAGATTCT-1,5
AGCGAGGAACTGGTCC-1,8
AGCGCAGATGAGGTGC-1,14
AGCGGAATGTCGCTGT-1,5
AGCGGCGAATAATCTT-1,8
AGCGGTACGCCGAGAA-1,5
AGCGGTACGGCGCATC-1,13
AGCGGTGAGTGACATG-1,5
AGCGGTGCAGGCATCT-1,8
AGCGGTTAATCGAAGT-1,15
AGCGGTTAGACTCGCC-1,8
AGCGTGCCTGTATGCC-1,14
AGCGTGCGCCTGATCG-1,14
AGCGTGCTTCGCTCAT-1,2
AGCGTGGCACCGACAA-1,4
AGCGTGTATGTACGGT-1,10
AGCGTTACAGTCCTGG-1,5
AGCGTTATACCTGTTG-1,2
AGCGTTATAGCGCACT-1,5
AGCGTTGGCTCACGAT-1,8
AGCTACCAGCGTTACT-1,9
AGCTAGCGTACAGTAA-1,12
AGCTATAAGTCCAGCA-1,6
AGCTATAGAATAGTCT-1,8
AGCTCAACATCGTCCG-1,6
AGCTCGACAGGCGATA-1,12
AGCTGACGTAACGCTG-1,5
AGCTGTACGCTGACTC-1,10
AGCTGTCCAGATGCTA-1,12
AGCTGTTCCGGTGATT-1,7
AGCTGTTGAAGGCCTT-1,13
AGCTTCGCTGCGGTCA-1,13
AGCTTGAGTCAGGCCG-1,2
AGCTTGGATGCAAGCC-1,5
AGGAATTACGGTGACG-1,9
AGGACCAGTAACCTAA-1,5
AGGACCAGTGCGCCAG-1,7
AGGACCGCAATAGTTA-1,4
AGGACCGTAGATGCTA-1,14
AGGACCTGTACCATTC-1,8
AGGACGAAGCCTCCTT-1,14
AGGACGAATGCTTCAA-1,9
AGGACGTATCGCCGTA-1,4
AGGACGTCGGCACGAA-1,14
AGGACTGAAGTGCCTT-1,4
AGGACTGGATGAAGAC-1,14
AGGAGCAGCGTTAATA-1,15
AGGAGCATAATCCACT-1,4
AGGAGCATCACTCAGC-1,14
AGGAGCATCTTAACTC-1,9
AGGAGCCGCTGAGTAG-1,9
AGGAGCCTCGAACGTT-1,7
AGGAGCCTTCGCCTTA-1,13
AGGAGCGAATGCGTTA-1,14
AGGAGCTATGAACACT-1,15
AGGAGCTGCAAGGACT-1,15
AGGATAACCGGTCGGA-1,4
AGGATACCTCCGAGCG-1,9
AGGATAGGCTCAGTTG-1,7
AGGATATCGCGAATAC-1,4
AGGATCAACATTCGTT-1,12
AGGATCCGCTCGGTGC-1,3
AGGATCCGTGAGGCGG-1,9
AGGATCGAGCACCGCC-1,9
AGGATCTTAATGGTGA-1,7
AGGATGAGTGCGTGCG-1,13
AGGATGCTCGACAGTC-1,13
AGGATTCCTTGCTGCG-1,13
AGGATTCTACGCCTAG-1,4
AGGCAACAGCGTTCGC-1,11
AGGCAACAGTCTGGTT-1,3
AGGCAACTAGCGTACC-1,12
AGGCAATGTCAGCTGG-1,5
AGGCATGCATGGAATT-1,10
AGGCATTAAGTCTGGC-1,2
AGGCATTACTATAGTA-1,14
AGGCCGCAGAATAACG-1,12
AGGCCTGTCTAGTGGC-1,10
AGGCCTTGTCGTTGAT-1,10
AGGCGATTCCACTTCT-1,15
AGGCTGCAGCTCAGGC-1,8
AGGCTGCGCAGCAACT-1,8
AGGCTTAACCGATTGT-1,6
AGGCTTAGCATTAACC-1,7
AGGTACAGCTATGATA-1,5
AGGTACCAGACGCCAG-1,14
AGGTACGGAAGTCAAC-1,13
AGGTACTCTGCCACCG-1,9
AGGTCACCTCCGCCTC-1,8
AGGTCGAGGTCTAGGC-1,15
AGGTCTCACGCCAATA-1,6
AGGTCTTCCATCGCCG-1,2
AGGTGAAGTGACGACT-1,14
AGGTGAATCCACAACC-1,7
AGGTGAGCAATGTCTT-1,2
AGGTGAGGTAGAATAC-1,11
AGGTGATTGGCGGTAT-1,5
AGGTGGCACTTGTCAG-1,8
AGGTGGCTGTCGCCAA-1,9
AGGTTACATTCCACGC-1,1
AGGTTAGTGGCCATAG-1,12
AGGTTCCACGCCGAAG-1,6
AGGTTGAGTAGGAGAT-1,8
AGTAACCGCAGGTCAA-1,12
AGTAAGCTCGGCCAAT-1,4
AGTACCGAACCGCAAT-1,7
AGTACCGTTGTACGCC-1,14
AGTAGACAGATAACGG-1,7
AGTAGACAGTAAGGAG-1,2
AGTAGAGCATGGACGT-1,14
AGTAGAGTGCCGAATG-1,3
AGTATTACGGTATTCG-1,8
AGTATTAGCTGATCGA-1,7
AGTATTCAGCTGAATG-1,4
AGTATTCGTCGGTATC-1,5
AGTATTGATTGAGTCA-1,11
AGTATTGGTATGTCTA-1,12
AGTCACCATACCTCCA-1,3
AGTCACTTATTCAAGG-1,8
AGTCCGTGATCACTAC-1,8
AGTCGCCACTCGGCGA-1,5
AGTCGGACCGTGCTTA-1,5
AGTCGGTCTAATCTGT-1,5
AGTCGGTTATACATAG-1,14
AGTCGGTTGGTTGGCG-1,5
AGTCGTTGCCGCCAAC-1,14
AGTCGTTGCCTTACCT-1,7
AGTCTAGGATTGTCAC-1,14
AGTCTGTTACAATAGT-1,13
AGTGAGCGCCTGTCCT-1,2
AGTGAGGTCTGTGCTC-1,8
AGTGAGTATTCTAAGT-1,5
AGTGCAATAACTAACA-1,5
AGTGCAGCTTCATCGG-1,13
AGTGCCAGATGCTCTG-1,5
AGTGCGCAACATGCGT-1,12
AGTGCTTCGCGGACGC-1,14
AGTGGTATGTCCAAGT-1,7
AGTGTAAGCCGAACAA-1,15
AGTGTAAGCCTGCAAG-1,7
AGTGTAAGTCCATACA-1,10
AGTGTACCTCTGTATG-1,9
AGTGTAGCTCTTATCT-1,7
AGTGTATGCGCTGCCT-1,15
AGTGTCATGGTTGTGG-1,7
AGTGTCGTGGCATGTT-1,9
AGTGTCTGAACTGTGG-1,9
AGTGTCTTAAGCTTGT-1,5
AGTTAACGAGCCACTC-1,9
AGTTAAGACTGGCTCC-1,2
AGTTAAGGTAGATACT-1,15
AGTTACCTCACCAGCA-1,2
AGTTAGAAGGACGAAT-1,15
AGTTATCCTGAACGAA-1,2
AGTTCAGTTCATACAT-1,12
AGTTCGTCTAGTGCAG-1,8
AGTTCGTGCAGACCTT-1,4
AGTTCGTGCATGTCGA-1,9
AGTTGGAAGAGTATTG-1,11
AGTTGGACGTTGGTAT-1,15
AGTTGGCAACGTTGTC-1,11
AGTTGGCACCAGTTAC-1,12
AGTTGTACTTAATGGA-1,5
AGTTGTCCACAGACCA-1,14
AGTTGTGAACCTGATG-1,15
ATAACCTAGAACCTGC-1,2
ATAACGAAGAGCACGC-1,8
ATAACGCCTGTAGGCA-1,13
ATAACGGCAAGACTCC-1,7
ATAACGGCGTTACACT-1,15
ATAACTGAACTCCTGG-1,7
ATAAGAATCATGCATC-1,9
ATAAGACCAATCGCGG-1,12
ATAAGGAATAGAACAT-1,7
ATAAGGAGCCGTGATG-1,14
ATAAGGCGGACAAGTT-1,5
ATAAGGTTAGCTCACG-1,10
ATAAGTACCACGAGTT-1,4
ATAATCCGTTCCGTTC-1,12
ATAATCGTAGTTATTC-1,14
ATAATTAGTTCTACGG-1,7
ATAATTATCGACCACG-1,14
ATACAAGGTCAGTAGA-1,4
ATACAATTGCGGTATT-1,4
ATACATCAAGGATTGC-1,2
ATACATCACGCCTTCT-1,8
ATACATCACTGTCCGG-1,10
ATACATCATGCACCAA-1,12
ATACGCTGAGATCAGA-1,5
ATACGGCGACTGGTCT-1,8
ATACGGTCCTTGTCTT-1,8
ATACTAGCCACTTCGC-1,4
ATACTAGCCATTAGTT-1,5
ATACTAGTAACTGAGT-1,9
ATACTATCAACTTGTA-1,6
ATACTATGAATGTCTT-1,5
ATACTATGCCAGTGAG-1,10
ATACTATGGTTACATT-1,10
ATACTGACTTCGGCAC-1,7
ATACTGGACCACAGCC-1,9
ATACTGGAGGATAACG-1,2
ATACTGTCCACTACCG-1,7
ATAGAACCTCTACCGA-1,12
ATAGAACGTTCGATCT-1,7
ATAGAATTCTACTTGA-1,15
ATAGAATTCTAGGCCG-1,5
ATAGACATGGCTATGG-1,14
ATAGATCGGCATCCGA-1,10
ATAGATGCCTAAGCAC-1,4
ATAGATTGAGTTCGAG-1,14
ATAGCACCTGCTGTCT-1,12
ATAGCTATTCGCACTC-1,12
ATAGCTTCACAACCGT-1,8
ATAGCTTCGTGGAACG-1,8
ATAGGCCGGTAATTCT-1,13
ATAGTACTATGGTTCT-1,4
ATAGTCCGCCGTTGGC-1,14
ATAGTCGAAGGAAGCT-1,10
ATAGTCGAGTTGTCTG-1,3
ATAGTCGCTAAGGTAT-1,9
ATAGTGACGAATAGAT-1,15
ATAGTGAGTGAGGATT-1,14
ATAGTGTCAGATGTAG-1,7
ATAGTTAAGCCTGCCG-1,7
ATAGTTAAGGCACGAG-1,4
ATAGTTAGTCCTTAAT-1,7
ATAGTTCATCGGATCT-1,10
ATAGTTCGCAGCCGTG-1,2
ATAGTTCGGTTCCAGA-1,8
ATCAACATAAGCGTAG-1,15
ATCAAGGAGCTTACAT-1,13
ATCAAGTGGTGATGGC-1,10
ATCACCAGTTCGGCGA-1,14
ATCACGTTCAATGATA-1,8
ATCACTTAGGCCTTGT-1,12
ATCAGATACCAGCTGT-1,12
ATCAGTAAGCTCGCCG-1,2
ATCATTCACCAGATTG-1,2
ATCATTCCAACTTCGC-1,10
ATCATTCCACTTAGCA-1,15
ATCATTGTCCATGCCA-1,14
ATCCAACGCATGGTAC-1,15
ATCCAACGCCACATCG-1,5
ATCCACATCACTGCCG-1,13
ATCCACATGTTGGACC-1,10
ATCCACGAACGTTCGG-1,15
ATCCACGACACGAATG-1,13
ATCCACTCGTACTCGG-1,8
ATCCGAACGCAACCTT-1,11
ATCCGAGTACAGGAAT-1,10
ATCCGAGTACCACGTG-1,9
ATCCGAGTCACTTGTA-1,9
ATCCGATGACCTCGGA-1,4
ATCCGATGTCTGTCAC-1,8
ATCCGATTATCTACGT-1,8
ATCCGGATCGCCGTAT-1,5
ATCCGGATGACGTAAC-1,2
ATCCGGCGTAGTCTGA-1,13
ATCCGGTACCGTCCTT-1,12
ATCCGGTATCACAAGT-1,14
ATCCGTAGCTTCAGTA-1,5
ATCCGTAGTGTCGCTC-1,12
ATCCGTGGAACTTCAA-1,12
ATCCGTTATCGAAGGC-1,13
ATCCTCCAGCCATTGT-1,7
ATCCTCGTTCCAGGCC-1,14
ATCGAACTCGTCCGGC-1,11
ATCGACAGCGGCAACA-1,9
ATCGACCGGAGTATCG-1,8
ATCGACTAAGTACTGC-1,11
ATCGATGTCAGATAGA-1,14
ATCGCAATGCACTAAC-1,2
ATCGCAGTAACTTATT-1,5
ATCGCAGTAATATCAG-1,9
ATCGCAGTCTATGGCA-1,7
ATCGCATCACGCATCT-1,7
ATCGGCTCTATGCCTC-1,7
ATCGTAACTACCTCTT-1,14
ATCGTAATCCACATGC-1,5
ATCGTACAACTGGCTA-1,15
ATCGTACACCTATGCC-1,5
ATCGTAGCATGTAGAT-1,7
ATCGTATTACTCGGAG-1,14
ATCGTATTGGAATCCT-1,5
ATCGTCACCATGTCAC-1,4
ATCGTCAGTTAGTCCA-1,14
ATCGTCCTAGTACGAA-1,10
ATCGTCTATGATGCCG-1,7
ATCGTCTTAACGAAGG-1,6
ATCTACAGGAGTGCAC-1,10
ATCTACCATATTCCAG-1,8
ATCTACGACAGCTCTT-1,5
ATCTACTCACATCTCC-1,2
ATCTCCTTGCGATACA-1,5
ATCTGAAGTATGCACG-1,10
ATCTGAGGAACGGTTG-1,2
ATCTGATACTTCATTA-1,13
ATCTGCCGTCTACAGC-1,5
ATCTGGATCCTCAGAC-1,8
ATCTGTACGCGTCTCC-1,5
ATCTTAAGCTCCTTGA-1,1
ATCTTAGACGCCTACT-1,7
ATCTTAGACTTGATCT-1,7
ATCTTAGATAGGTTCA-1,7
ATCTTAGTGGCATGGA-1,12
ATCTTCGGACATACTA-1,4
ATCTTGGCTTCGTCCT-1,9
ATGAACAATCGATGCG-1,8
ATGAAGCTGAATCCAG-1,8
ATGAATGTATCGTGGT-1,7
ATGACACTAATCGCAC-1,5
ATGACCAGACGGCCGG-1,4
ATGACCTCACTTAACC-1,5
ATGACGAGATCATTAA-1,8
ATGAGCTACATGGAAG-1,10
ATGAGCTACTGGACAT-1,10
ATGAGCTATTCGAAGA-1,8
ATGAGGAACGACCAGC-1,13
ATGAGTACGCTTCCTA-1,6
ATGAGTATCAGATCTG-1,7
ATGAGTCCTGAAGTGG-1,10
ATGAGTCTAGATACTC-1,10
ATGAGTCTTAGGAAGG-1,7
ATGAGTTACAGATAGA-1,7
ATGATAATTCCTTGCG-1,6
ATGATATCTAGTCTTA-1,2
ATGATTGATTCCGAAT-1,9
ATGCATCCTGACTCAC-1,7
ATGCATGCCTGCGATG-1,12
ATGCATGGTTCCGCCT-1,4
ATGCATGGTTGCTGTA-1,14
ATGCATGTATGTGAGT-1,8
ATGCATGTCACTCGTG-1,4
ATGCATGTCGATGTGG-1,11
ATGCATTAGATATCCA-1,7
ATGCCAGCTGCCATCT-1,8
ATGCCGTCGATAAGAC-1,10
ATGCCGTTGTGAAGCG-1,8
ATGCCTTCGTAAGTTA-1,9
ATGCTACTGAATAGTA-1,12
ATGCTCCAACCTGGCC-1,8
ATGCTCCGTTCTACTG-1,14
ATGCTCGCCTCCAATT-1,5
ATGCTGAATGCAATAG-1,4
ATGCTGACAGTTACAT-1,13
ATGCTGACGACTCGCT-1,11
ATGCTGCCGGCATACT-1,10
ATGCTGCCTACTGCAT-1,14
ATGCTGCGCTGTTGCA-1,9
ATGCTGCGGAACTACC-1,11
ATGCTGCGGATGGTTG-1,12
ATGCTGGCTTACTACA-1,10
ATGCTTACTCTAGGAA-1,4
ATGCTTGGACGAACTT-1,4
ATGGAACGATAGTGAT-1,12
ATGGAGCGGACCGATT-1,13
ATGGAGGCCACGGCTT-1,8
ATGGAGGCCGCTATCC-1,7
ATGGAGGTTCACCGGT-1,7
ATGGAGTAATCGGACC-1,14
ATGGCATTATGGCTCG-1,14
ATGGTAACGGACCGGA-1,8
ATGTAAGAGCCACCTC-1,12
ATGTAATTGTCGTTCG-1,14
ATGTACAGTGCCTATG-1,6
ATGTACATCGTGGTTA-1,6
ATGTACATGAACTCCG-1,14
ATGTACCATTATTGTC-1,7
ATGTACCTTCACATTA-1,7
ATGTACGGTGGCGTAT-1,10
ATGTACTACCGACTTC-1,14
ATGTACTAGAGGAATT-1,12
ATGTACTCTGCAGCAC-1,12
ATGTACTGGTCGAAGC-1,7
ATGTAGAAGCGAATAG-1,7
ATGTAGCCGACCAAGG-1,5
ATGTAGGTAACCGTAC-1,14
ATGTAGGTGGTCTAAC-1,15
ATGTAGGTTGGCGAGG-1,9
ATGTAGTCCAGAACAT-1,5
ATGTATCCAAGGTGGC-1,12
ATGTATCCATAAGTTG-1,14
ATGTATCGGAATACGG-1,4
ATGTATGAGTACCGGA-1,9
ATGTATGTACTATCTT-1,11
ATGTCATACTTAGACC-1,8
ATGTCATCAGGTTATG-1,8
ATGTCGCATGCCATAC-1,15
ATGTCGCATTGATTGC-1,11
ATGTCGGACTGAAGTA-1,6
ATGTCGGATAAGCCGA-1,2
ATGTCGGCTGTCGTAA-1,14
ATGTCGTTACCAGACG-1,4
ATGTCTAACTGGCGAA-1,8
ATGTCTGCGTTGCAGC-1,9
ATGTGAATCCATACGA-1,7
ATGTGAATTGCTGACC-1,14
ATGTGACATAGAGTCC-1,15
ATGTGATCCGTCTAAC-1,6
ATGTGCGTCTGAACAG-1,5
ATGTGCTAACATCGAA-1,9
ATGTGCTTGTGCTACC-1,10
ATGTTAAGATTACTGA-1,5
ATGTTACTGGAGGCGG-1,10
ATGTTAGACTATCTCA-1,7
ATGTTCTGCCTTATCT-1,8
ATTAACGGAGTGAATT-1,15
ATTAAGAACAGCTCCG-1,14
ATTAAGAATAACGCTT-1,5
ATTAAGCGTCCTGCCG-1,8
ATTAAGTGGCCTAAGG-1,6
ATTACATGTTATTGAC-1,10
ATTACATTGAAGTATG-1,2
ATTACCTTCGCAGAAG-1,8
ATTACTCAGTTAACGA-1,10
ATTACTCCGTGAAGCG-1,5
ATTACTGAGTGCCTCC-1,4
ATTACTGATATTCGCC-1,13
ATTACTGTACGCGGTG-1,6
ATTACTGTCGCATATT-1,12
ATTAGAACAGTGGTAG-1,15
ATTAGATAAGACGGCG-1,5
ATTAGATTCGTACTCA-1,7
ATTAGCAGGATGTATT-1,5
ATTAGCATTCCGATCG-1,7
ATTAGCCTCACTTCTA-1,2
ATTAGCCTCAGTAGAT-1,8
ATTAGCGAGCATGCTG-1,9
ATTAGCTAGATGCGCA-1,11
ATTAGTCGTGTTATGC-1,10
ATTAGTGAGGTATCGC-1,4
ATTAGTGCTTGGTCAT-1,2
ATTAGTTCACAGACTC-1,9
ATTAGTTGGACGTGAT-1,13
ATTATCACAACTCGGC-1,14
ATTATCAGTTCGATGC-1,8
ATTATCCAGGTGAAGT-1,6
ATTATCGAGTGCAGAT-1,2
ATTATCTAGATTAACG-1,9
ATTATCTTATTGAGAC-1,9
ATTATGCCATCGTTAA-1,4
ATTATGTTAAGGTAGT-1,8
ATTCAAGATTAGTTGC-1,14
ATTCACATAGGATGAG-1,4
ATTCACATCGTCACAG-1,10
ATTCACATCTTATTCT-1,4
ATTCACCTGACCAGTT-1,14
ATTCACGCTGTTATCG-1,5
ATTCACGTCGCAGGCT-1,4
ATTCACTCACGTGCAC-1,14
ATTCAGCTCCTACTAA-1,9
ATTCAGTCACCGCCAT-1,14
ATTCATAGCGAAGCGT-1,14
ATTCATAGTTCTAACT-1,10
ATTCCATTGTGAACGC-1,10
ATTCCGCAACGCCGCT-1,7
ATTCCGCTCCATCAGC-1,4
ATTCCGGACCGGTCTT-1,8
ATTCCGGTTACATACC-1,14
ATTCCGTAAGGATTCC-1,7
ATTCCTGCCTTAACAG-1,4
ATTCCTTCGAAGGTGC-1,14
ATTCGCTCGCGGAGGC-1,14
ATTCGGAAGCTATTAC-1,5
ATTCGTGCCGACATGT-1,14
ATTCGTTAGAATTCGG-1,8
ATTCTAACGCCTGTTA-1,11
ATTCTACAGCCAGCAC-1,11
ATTCTACGTGGCAGAT-1,12
ATTCTACTGGTCGTTC-1,2
ATTCTAGGACATCAGT-1,14
ATTCTAGTCCACAAGA-1,9
ATTCTTGGAGTGATAG-1,5
ATTGACCTTCGGCGTC-1,7
ATTGACGAGCAGCGAC-1,10
ATTGACGCATCTCAAC-1,5
ATTGACGCCACCTTCT-1,10
ATTGACGCCAGCCAAG-1,4
ATTGACTGAATACTAT-1,7
ATTGACTTATGTGGTA-1,14
ATTGATAACACTAAGA-1,8
ATTGCAAGGCAATGGA-1,15
ATTGCACGACCACTTG-1,8
ATTGCACGCATAACAG-1,14
ATTGCAGTTCTTCATT-1,8
ATTGCATATTGTTATC-1,14
ATTGCATCACTGACTG-1,14
ATTGCCTTGTCTAAGT-1,9
ATTGCGTAGTTAGGAG-1,13
ATTGGCACCACGCCAT-1,10
ATTGGCCTAGGAATCG-1,13
ATTGGCCTTCCGTGCA-1,10
ATTGGCGAATTGCACT-1,13
ATTGGCTAACAGACAA-1,5
ATTGTTAAGTAGACTA-1,7
ATTGTTATACTTCACG-1,8
CAACAGCCAGACCTTC-1,7
CAACAGCCGCCTTGAG-1,13
CAACAGGTCAGAGGAC-1,12
CAACAGTACGGCAATG-1,15
CAACCGTACTGATCTT-1,10
CAACCGTATTACTGTA-1,14
CAACGCTTGCTCCTAC-1,5
CAACGGCACTCAGTCC-1,2
CAACTGACAAGACAAG-1,4
CAACTGCAGTGCAATA-1,2
CAACTGCATTCGACTC-1,9
CAACTGCTGGAGTTAT-1,5
CAACTTGGACATAGAT-1,8
CAACTTGGTACGATGT-1,7
CAAGACCACTATCGAA-1,14
CAAGATAAGTGCAATG-1,14
CAAGATAATGAGACCG-1,11
CAAGATTACCGATCAT-1,12
CAAGATTAGATGAGTT-1,5
CAAGCATGCCTGACTT-1,15
CAAGCCGCCATAGAGG-1,14
CAAGCCTCCACTATCT-1,12
CAAGGCAAGATTAGCA-1,11
CAAGGCAAGCATCTCG-1,13
CAAGGTCAGCGATGTC-1,7
CAAGGTCTCAATACAG-1,8
CAAGTACTCCGCATCG-1,10
CAAGTACTTATTAAGC-1,7
CAAGTACTTCAATAGT-1,5
CAAGTAGCCTCGATCC-1,14
CAAGTATCGGCAACCA-1,8
CAAGTCCATCGGCGGT-1,11
CAAGTCCGCTACCGTT-1,4
CAAGTCGCAGTCACTC-1,12
CAAGTCGTAGGACTCG-1,11
CAAGTGAATTGGATGC-1,8
CAAGTGGATCATCCAG-1,8
CAAGTGTTCGCCACGC-1,4
CAAGTGTTGACGGCCA-1,10
CAATAACTACATTAAC-1,8
CAATAACTCAAGGCAA-1,5
CAATAACTCAGATGAG-1,13
CAATAAGAACCGACTT-1,8
CAATAAGCGGCCAGAT-1,10
CAATAAGGTAACTCGT-1,8
CAATAAGGTAGCGATG-1,13
CAATAATCGTAGGATA-1,7
CAATCCATGCCGATGC-1,7
CAATCCGAGGTGCTAG-1,15
CAATCGTCGGAGCATG-1,4
CAATCGTGAAGTGATA-1,14
CAATCTATGAGGTCAG-1,14
CAATCTGAGTCGACTC-1,13
CAATGCATCATTATGC-1,3
CAATGCATTGACGGCA-1,4
CAATGCGGATGCTGGT-1,5
CAATGGCTGAGCGATT-1,8
CAATGTCCGTTGCGTG-1,3
CAATTACAGGTGTCAT-1,10
CAATTGAACCGGCTCG-1,5
CAATTGTTGACGTGAG-1,8
CACCAGGCACGCTATC-1,10
CACCATAAGCTGGCTG-1,8
CACCATTCTTACGAGC-1,6
CACCGACAAGGCGTAT-1,13
CACCGAGTCTTGGACA-1,7
CACCTACATGATTGAT-1,9
CACCTACCGCTACCTT-1,5
CACCTAGAATACTTCT-1,6
CACCTAGACGAGCCGG-1,4
CACCTCGAAGCGCTAG-1,15
CACCTCGAGCGATGCT-1,5
CACCTTAGCTATTGTC-1,2
CACCTTGCGAGTTATG-1,13
CACGAGGCCATCCACT-1,12
CACGAGGTATAGGTAT-1,4
CACGATCATACAATTA-1,5
CACGATCTTCGCCGAC-1,13
CACGATGGTGCTAATA-1,12
CACGCCACAATCGCAC-1,14
CACGCCACTCCTTCAT-1,13
CACGCCTGGCGAATGT-1,11
CACGGATTCTCATCAC-1,8
CACGGCGACGGTGCCT-1,11
CACGGCGATACATACG-1,7
CACGGCGTCAGCCTGC-1,12
CACGGCTGCGCTTGGC-1,5
CACGGCTTACTCCGTT-1,7
CACGGTCTTGGTTAAT-1,4
CACGTACACTCGCACC-1,13
CACGTACGTAGCTCAT-1,12
CACGTAGGTAGGCTGA-1,14
CACGTCAAGTGCGATC-1,14
CACGTCCAATTCGACT-1,8
CACGTCCACGACCTAT-1,5
CACGTCCATCTACTGA-1,8
CACGTGCCAGAATTCT-1,9
CACGTTGCACATACCG-1,7
CACTACAATATTGCGG-1,7
CACTACCTTCGCTTCA-1,5
CACTACTGCGGAATTG-1,14
CACTAGTCGACATCTA-1,5
CACTCAACGCAACGAC-1,15
CACTCAAGACCATGCA-1,7
CACTCAAGACGGACTA-1,9
CACTCAATAAGCCGAA-1,5
CACTCAATAGTGATGC-1,7
CACTCAGTACTCCGCT-1,5
CACTCAGTGGTCCTTC-1,8
CACTCATCACGTTACG-1,6
CACTCGGCGTATCGGC-1,7
CACTCGTAGGCCACGG-1,7
CACTGGATCGATACGA-1,10
CACTGGCCAGCCAGAT-1,2
CACTGGCGGTAACACC-1,9
CACTGGTGAGACGCTT-1,12
CACTGGTGAGTTATCG-1,6
CACTGGTGGCGTCGTT-1,14
CACTTGACATTCAGAA-1,4
CAGAACATGATAGGAC-1,12
CAGAACATGCCTAGTG-1,11
CAGAACGTATCGACTT-1,8
CAGAAGATTAGAATGG-1,14
CAGAAGTCGCGGTTAT-1,14
CAGAATTCTTGAACCA-1,8
CAGACACTTACAAGAC-1,4
CAGACAGTCGGATCTG-1,2
CAGACGAATGAGGAAC-1,14
CAGACGATACAGATCG-1,8
CAGACGCAGTAGGTCT-1,14
CAGAGCAATGGCTTCT-1,14
CAGAGGCACTTAAGTC-1,5
CAGAGGCAGCACATGG-1,10
CAGAGGCGAATTGCCA-1,13
CAGATATGTCCTTAAG-1,11
CAGATTATCATAACGC-1,14
CAGATTCCGTATGCGA-1,4
CAGATTCGAACAGGTG-1,7
CAGATTGCCTGTAAGT-1,5
CAGCACCGCACGACTA-1,10
CAGCACGCTAATCAGA-1,5
CAGCATAGACTAGGCA-1,8
CAGCATCCTCGCCACT-1,10
CAGCCAACGATAGCTT-1,6
CAGCCACGGCTCTACG-1,13
CAGCCAGTCCTGTCGG-1,5
CAGCCATGTCTGCCGT-1,2
CAGCCTCGTGGCTCAC-1,8
CAGCCTGGTTGAACTA-1,10
CAGCGATAACTGAACC-1,9
CAGCTCCTCGGATTCT-1,14
CAGCTGGATGCGGCTA-1,5
CAGCTGGCGATAAGTG-1,5
CAGCTTCACTACCGTG-1,10
CAGCTTCTAGCTGGCA-1,10
CAGCTTCTCCGCTCTT-1,5
CAGCTTGACGCCATTA-1,7
CAGCTTGGTTCGGTCG-1,4
CAGGACAGAAGGCTGG-1,4
CAGGACATGGTAATGC-1,5
CAGGACCTACATAGTC-1,11
CAGGAGCGTATCGCAT-1,5
CAGGCCAACAGCGAGT-1,7
CAGGCCAACGGTCGTA-1,5
CAGGCCGTATCTGTTA-1,2
CAGGCGAGGTCTTGGA-1,5
CAGGTACCACTCGCGG-1,7
CAGGTTCCACTAATCC-1,11
CAGTAATATCACTACG-1,15
CAGTACAGTTGTGGAA-1,4
CAGTAGATTGACGGAT-1,8
CAGTAGCACTACATTG-1,7
CAGTATCTTACACTAA-1,4
CAGTATGCGTGGCGCT-1,14
CAGTCAGCCGATCCGG-1,4
CAGTCTCACTTAAGCA-1,12
CAGTCTGGTAATCTAC-1,6
CAGTCTGTGGCGCTGC-1,10
CAGTGAACAGCAACGA-1,7
CAGTGAAGATACATAA-1,6
CAGTGCCTTGCGGTCT-1,2
CAGTTGCAACCGAGAT-1,7
CAGTTGCACGGACAGG-1,5
CAGTTGCGACTTCTCG-1,4
CAGTTGCTCACGTGTC-1,5
CATAAGTCTTCGAGTT-1,8
CATACAATGAGTAGCT-1,6
CATACCAGGTTCCTAA-1,15
CATACCTCGATTGTTC-1,5
CATAGAACATTGAACA-1,14
CATAGACGAGGTATTA-1,13
CATATCAGACTATCCA-1,14
CATATCCGTTCACCTC-1,15
CATATGTTGACTGGCG-1,9
CATATTCTTGTCGTAA-1,13
CATCAACATAACCGAT-1,15
CATCAGAAGGCTTCGG-1,15
CATCAGATACTAATCG-1,5
CATCAGGTAGGACCGT-1,14
CATCCGAAGCGTATGG-1,7
CATCCGCCTAAGGAAC-1,2
CATCCGGTACCAACGA-1,5
CATCCGTGGTCGTAAG-1,5
CATCCGTTAAGCGTGC-1,10
CATCCTAGAATTATTG-1,15
CATCGCGGATGATATG-1,10
CATCGCGGTCGGTGCG-1,4
CATCGGATCCTACCTG-1,13
CATCGGCATGTCGAAG-1,9
CATCGGCCTGCATATC-1,4
CATCGGTAGCGTCCGA-1,7
CATCTGGCCATACTAG-1,7
CATCTGGCGAATGTCG-1,3
CATCTGTACCACGCGA-1,12
CATGATACTCAGGATT-1,11
CATGATAGGCCATGAG-1,2
CATGATGCATGTGCTA-1,6
CATGCAGAAGTCAGGA-1,10
CATGCAGGTAGTTGTA-1,5
CATGCATATTCTGCCT-1,15
CATGCGAGTGAGCTAA-1,10
CATGCGCTACTGGAGG-1,12
CATGCGGCCGGAATTC-1,7
CATGCTCATCTGAACG-1,14
CATGGCTACTGTACGT-1,8
CATGGTGAGGCAGCAT-1,7
CATGTCCACCTGCGTC-1,12
CATGTTACCGAAGGCG-1,5
CATGTTATTGATGCAG-1,6
CATTAACTAATCGCGT-1,7
CATTAACTATTGTTCC-1,5
CATTAAGTAGCTTACC-1,11
CATTAGGATAGTGAAT-1,14
CATTAGGCAATGGTTA-1,7
CATTCTCCAGTCACCA-1,8
CATTCTGTGCATGCTC-1,8
CATTGCGTGCCACCTT-1,5
CATTGCTATGTTAGCT-1,2
CATTGGCGGTTGAGTC-1,4
CATTGTGGCCTCAGGC-1,3
CCAACAGGAACACGGT-1,5
CCAACTGGAGATTCAT-1,13
CCAACTTGCCACCGTA-1,14
CCAACTTGCGTTAACC-1,9
CCAAGCTGGCCATTGC-1,5
CCAATACCAACACGCC-1,12
CCAATAGAAGACTTGG-1,7
CCAATAGCGGTACGTG-1,11
CCAATCTAACGTGACG-1,7
CCAATCTTGCCTATGG-1,4
CCAATTATGACACTGG-1,5
CCACAACCAGCAGGTG-1,13
CCACAGGAAGATGTGC-1,9
CCACATGGCGACGTCT-1,8
CCACGAACGCTGCCGC-1,12
CCACGATCCTAATCCG-1,7
CCACGGCTGGCAACCT-1,7
CCACGGTACACCAACC-1,8
CCACGTCGGTCGCTTC-1,12
CCACGTGCCACCTCAA-1,14
CCACGTGGACTGCGGT-1,7
CCACTCCAGCACCTAC-1,10
CCACTCTGTAGTCGGA-1,11
CCAGAACCGTGCATCC-1,8
CCAGACAATATCGTTA-1,4
CCAGACAGAACCTAAG-1,14
CCAGACATCCGGTTCT-1,7
CCAGACATCGGCACGC-1,5
CCAGATAGACGAGGTG-1,5
CCAGATAGCGTAGTGA-1,7
CCAGATGATATGTAGG-1,5
CCAGATTGTAGCCTAC-1,8
CCAGCACTCGACTGAC-1,5
CCAGCAGGTCTTGTTC-1,7
CCAGCGGATTCCGCTG-1,6
CCAGGATACCGTTAGT-1,15
CCAGGTCCACATCCAT-1,8
CCAGGTTACGAGACTG-1,13
CCAGTGTCACAGCGCC-1,14
CCAGTGTCTAGCTACG-1,7
CCATACGGAGCCAAGG-1,13
CCATAGCCGTACGCAC-1,11
CCATAGTAGGTGCTTG-1,15
CCATAGTATTGTCTGC-1,14
CCATCGGACAACCGTG-1,11
CCATCTGTGGCATCGT-1,2
CCATGAACAATGCTCC-1,9
CCATGAACATCGTTGG-1,12
CCATGACAGGAGAACA-1,11
CCATGGTTCCAATGTC-1,7
CCATTCCGGTTCTTCC-1,7
CCATTCGTCTGCTCTA-1,12
CCATTCTTACGCGTTA-1,15
CCATTGGCAATTCTCA-1,6
CCGAAGCCAGGTTCAG-1,7
CCGACAACGTCATCGG-1,14
CCGACAAGACTGTACT-1,14
CCGACAAGGCACGGTT-1,11
CCGACAAGTATTCATC-1,7
CCGACAGACTGTGCCT-1,14
CCGAGGATGACTCGTC-1,5
CCGATAATGGAGCCTT-1,4
CCGATGGAACATCAGC-1,4
CCGATGGATCCGGCAG-1,13
CCGATTCCATAAGAGT-1,12
CCGATTCCTCACTACA-1,14
CCGCAAGGAAGGAGGC-1,14
CCGCAAGGTACCGTTG-1,4
CCGCAGTGATCACTGT-1,10
CCGCATAGTACAGGTT-1,15
CCGCATGTAGTTAGAC-1,5
CCGCCACTGCGTTGGC-1,14
CCGCCATACTTCACCA-1,5
CCGCGAGGTGCGATGG-1,5
CCGCGGCCACAATCGG-1,8
CCGCGTAAGATTCCTT-1,13
CCGCGTATCGTTGCAG-1,5
CCGCGTCGTTGGTCTG-1,2
CCGCGTGCTGATTAGT-1,3
CCGCGTTACCTTGGCG-1,14
CCGCGTTGACGGAACG-1,11
CCGCGTTGCTACAACT-1,7
CCGCTCATACAAGTCA-1,8
CCGCTCGCTAGTCTAA-1,8
CCGCTCTGCTGAATTC-1,9
CCGCTCTGGATATCGG-1,13
CCGCTGGCACCAAGAC-1,10
CCGCTGTCACCTGCAA-1,5
CCGCTGTTGCCATACG-1,2
CCGGAGAAGCTAACCA-1,12
CCGGAGACAAGAATAA-1,4
CCGGATCAGCCGACTA-1,7
CCGGATCTCCGAAGCG-1,9
CCGGCAATGAAGTGAA-1,4
CCGGCATAGGCAAGTG-1,7
CCGGCATGAGCCGTCT-1,3
CCGGCGAACATCACGT-1,12
CCGGCGAACCGTGCAC-1,5
CCGGCGAATGTACAGG-1,11
CCGGCGAGAATATTGA-1,9
CCGGCGCAGCATGCGA-1,12
CCGGCGCTAAGGATGA-1,8
CCGGCGTCCTCATTGT-1,10
CCGGCGTCTTAATAAG-1,4
CCGGTGGAGCTGGCTC-1,10
CCGGTGGCTTCTGAGC-1,7
CCGTATAATCTGGCCG-1,7
CCGTCTTATGGACGAG-1,4
CCGTGAAGGATAACAG-1,5
CCGTGCACATCTGGCA-1,8
CCGTGCACTACCAGAA-1,7
CCGTGCTGGCAATATG-1,8
CCGTGGCGTCGGTGCT-1,10
CCTAACGCGATTGCAT-1,8
CCTAACGCTGATGTCT-1,7
CCTAACTACGAATATG-1,11
CCTAACTTATGTTGGA-1,7
CCTAAGCATGCCTTGT-1,14
CCTAAGGTTACAGTAA-1,11
CCTAATAGCGGACAGA-1,15
CCTAATCCACAAGGAT-1,14
CCTAATCGCTCACCAT-1,3
CCTAATCGGCAGTCAC-1,1
CCTAATGGCACTGTTC-1,7
CCTACACCGACATTAC-1,8
CCTACCACTCCAGTTA-1,5
CCTACCATCGCAGTAT-1,6
CCTACCATGTGATCAC-1,8
CCTACGAGCTGGCCGG-1,5
CCTAGCCTAGTACCGG-1,12
CCTAGCCTTCATCGGC-1,2
CCTAGTCAGCGAACCA-1,7
CCTAGTCAGTCCTTAT-1,5
CCTAGTGAATGTCTGC-1,13
CCTATGATGGTCAATG-1,7
CCTATGCCAGCAATCC-1,12
CCTATGCCGTCGGCAC-1,8
CCTATGCCTTCTTGTT-1,14
CCTATGTCGAATAGAA-1,13
CCTATGTCTTACCGGC-1,4
CCTCACATGTACCTGG-1,5
CCTCACATGTCTTACT-1,5
CCTCACCTAGTGGCAA-1,14
CCTCACGTTACTCGCA-1,10
CCTCACTTCCTTCCGA-1,6
CCTCATGATTATCTGA-1,5
CCTCCGAAGCTGTACC-1,7
CCTCGATAGAATAGGA-1,5
CCTCGCCAACTACAAG-1,7
CCTCGGATCTTGCGGT-1,4
CCTCGGTATGACAGTA-1,4
CCTCTACCGTGATTGG-1,5
CCTCTAGCTCTGGCAG-1,12
CCTCTATGTTGCTTAT-1,5
CCTCTTCGAGCGGTTG-1,12
CCTGAAGCAATGCACG-1,14
CCTGAAGCGTATAGCA-1,8
CCTGAAGTGCATGCAT-1,5
CCTGCTCGCCGTCCAG-1,8
CCTGGATCTAGAGCCA-1,10
CCTGGCAACGAACGTC-1,11
CCTGGCATACCTGTCA-1,14
CCTGGCTTATGGTCTG-1,2
CCTGTCATTGAATTAT-1,12
CCTGTCCTCAGTTGTA-1,8
CCTGTCGAGTGACAGA-1,7
CCTGTCTAAGTAGGCT-1,12
CCTGTCTACCGTGGCA-1,3
CCTGTCTGATAGGTGA-1,2
CCTGTCTGCATAGGTC-1,4
CCTTAATTGGAATATT-1,7
CCTTAGATGTGCTACG-1,3
CCTTAGCGTTCGCAGG-1,15
CCTTAGTCTGTCACTG-1,6
CCTTAGTGGATCCACG-1,13
CCTTAGTTATACCAGA-1,14
CCTTATAGGTCTCAAC-1,11
CCTTCATAGTACTTCA-1,10
CCTTCCAACCTTCAGA-1,8
CCTTCCGCTCCGGCAT-1,2
CCTTGTCTACTTAGAC-1,7
CCTTGTCTAGTTCTTG-1,11
CCTTGTCTTACGGTTC-1,8
CCTTGTGATGGTCTAG-1,4
CGAACCAGAAGTCTGG-1,5
CGAACGTGAAGTCCAA-1,5
CGAACTACAGATGTAA-1,8
CGAAGAACGACTCGAT-1,10
CGAAGACCGCCAGGCG-1,5
CGAAGAGCAGATGATT-1,8
CGAAGATCCGAAGGCA-1,8
CGAAGTCGTTGGCTCG-1,14
CGAATCCTGATAGGTG-1,14
CGAATGGACCGTCTTG-1,2
CGAATTAAGTGGACTA-1,5
CGAATTACTGCTCCGG-1,4
CGACAAGCACTCAGCC-1,15
CGACAAGTACTCCTTA-1,14
CGACAAGTGATGCGCA-1,10
CGACAATTATTCTGTC-1,5
CGACAATTCGTCATGT-1,7
CGACATTGTATGGAGG-1,5
CGACCAAGGTGAGCCG-1,15
CGACCAGAACTGTCAT-1,10
CGACCAGAAGGATCCG-1,5
CGACCAGATTCAGTGA-1,8
CGACCAGCCTTGATTA-1,14
CGACCTATACTGACGT-1,5
CGACCTATCTCGCAAG-1,13
CGACCTGCATCTGCAT-1,4
CGACCTTGGCGTTCTA-1,8
CGACGCAGCCTTAGTC-1,4
CGACGCCAAGGTGCAA-1,4
CGACGCCGCAAGTAGC-1,9
CGACGCCGGAGTTGAG-1,13
CGACGCTCCGCACGTG-1,2
CGACTAAGCGGCAGAC-1,13
CGACTAATCGGCTCCT-1,14
CGACTAGGAGATAAGC-1,8
CGACTAGGTCCTTAAC-1,2
CGACTGAACGAATGCT-1,12
CGACTTAGCGCTATCT-1,13
CGACTTCACTCGGCAT-1,8
CGACTTCGCAAGCGGT-1,10
CGACTTGCACGCCTGC-1,7
CGAGAACGACAAGACC-1,15
CGAGATGCCGCATCTT-1,12
CGAGATGCGGTATGCG-1,8
CGAGCCTGCAAGGTTA-1,14
CGAGCGAGCCACGCTA-1,5
CGAGCGGCACAGTAGG-1,12
CGAGCGTAATGGAGTG-1,9
CGAGCGTATGCCAGCG-1,13
CGAGCGTGAAGTTAGC-1,11
CGAGCGTGCATTGTGG-1,13
CGAGCGTGGACTGGAA-1,10
CGAGCTAAGGCCTGTA-1,7
CGAGCTATGTCCTCGC-1,7
CGAGCTTAGAATACCT-1,7
CGAGGAACGCTGTCCA-1,15
CGAGGAAGACTTAGAT-1,5
CGAGGAAGGCAGAAGG-1,15
CGAGGACGTAATAGGC-1,13
CGAGGAGCATGCTATG-1,13
CGAGGAGCGTTCGTTA-1,5
CGAGGAGTCTAAGGAT-1,5
CGAGGATTCGATCATA-1,4
CGAGGCATCCAAGTCC-1,10
CGAGTCACTCATAGAT-1,2
CGAGTCATCCGCACCA-1,2
CGAGTCCATGTCAACA-1,5
CGAGTCCGTTGGAACT-1,6
CGAGTCGCGTAGACAT-1,10
CGAGTCTTGTACTGCC-1,13
CGAGTGCGGCTCGTGG-1,5
CGATAACTCCTTATGC-1,5
CGATAAGAATTCCAGT-1,14
CGATAAGGATAGGCAA-1,8
CGATAAGGTGCCTGAC-1,5
CGATGACCAGATCTGT-1,7
CGATGACCTCATCCTC-1,5
CGATGAGGCCAACGTA-1,4
CGATGATATTAGGCCG-1,15
CGATGATCAGCTATAA-1,14
CGATGATCCTGCAGCC-1,8
CGATGCACCAGGCCTC-1,5
CGATGCCGACCGTGAC-1,13
CGATGCCTGCTCACCG-1,11
CGATGTCCGACTACAG-1,2
CGATTAACTAATCTTA-1,7
CGATTGGAACAGGCCA-1,6
CGCAACCATGCACCGA-1,2
CGCAATGTATCCAATG-1,14
CGCACGCAGCCGTTAT-1,15
CGCACGCAGGTAAGTC-1,5
CGCACGCATAATGGTG-1,14
CGCACGGCTGTCAGGT-1,7
CGCACGTAGCATTGTT-1,4
CGCACGTGACTGTTGG-1,6
CGCACTAACTACCGGT-1,10
CGCACTGTGAGCCTGT-1,2
CGCACTTAAGGCATGC-1,4
CGCAGACACTGGCGTA-1,8
CGCAGAGCAGTCCGAG-1,5
CGCAGATAGATGTTCT-1,2
CGCAGATATGGACAGT-1,15
CGCAGATTCGACCGAA-1,8
CGCATCTTGACTTAGT-1,14
CGCATGAGGAGCGTCT-1,14
CGCATGGAATTCACGA-1,9
CGCCAACCTGGCGAAT-1,14
CGCCACAATAGCTCAA-1,9
CGCCACCTGGAAGACA-1,12
CGCCATGAGGCGATGA-1,14
CGCCGATTGTCCTTCG-1,7
CGCCGGACTAGGTACA-1,7
CGCCGGATCATTAGAC-1,7
CGCCGGTATCTAGCAC-1,8
CGCCTAACTTGATGGT-1,3
CGCCTAGAGCGTGGAG-1,7
CGCCTATTGCCTCGCC-1,15
CGCCTCGAGCCACTCG-1,14
CGCCTCGATAATGCGG-1,4
CGCCTCGGAACTGTGC-1,12
CGCCTCGTACGAAGGC-1,8
CGCCTCGTAGTCGTGA-1,7
CGCCTCTAATTCGCGG-1,5
CGCCTCTACTCGGAAC-1,8
CGCCTCTGACTATTGT-1,5
CGCCTTAAGGTACGCT-1,8
CGCCTTACGAGTAGCG-1,5
CGCCTTAGCGGCCTCC-1,10
CGCCTTAGGATCGGCA-1,5
CGCCTTATCTTGGCGA-1,14
CGCCTTGACGTGAATC-1,5
CGCCTTGTGAAGTCTA-1,5
CGCTAATTACATTAGG-1,3
CGCTACTCAGCCATAG-1,13
CGCTAGACTTCATCAC-1,10
CGCTAGATGTATTCTA-1,10
CGCTAGCCGCATGCAT-1,2
CGCTATAGCGATCGCC-1,7
CGCTATAGTCTTCATC-1,12
CGCTATGGTTGGTTAA-1,10
CGCTATTAATCTATAA-1,9
CGCTATTATGATACGT-1,2
CGCTCGCAATTGGCGA-1,8
CGCTCGGCCGGTTGTC-1,12
CGCTCGGTACTGCGAA-1,5
CGCTGACATTGCGGTC-1,9
CGCTGACGGCACATGA-1,13
CGCTGCAATCGCTGTT-1,8
CGCTGCAATTAGGCGT-1,3
CGCTGCGAGTCCACAT-1,9
CGCTGCGGTTGAGTAG-1,7
CGCTGCTATGACAGAC-1,12
CGCTGCTTCGCATACT-1,5
CGCTGTGACATAGGCA-1,5
CGCTTAGAATTCTTAC-1,8
CGCTTAGGCTGAGTCC-1,13
CGCTTATGGTTAGGAT-1,5
CGCTTGCGTACGGCAC-1,14
CGCTTGCTTGGTCTGG-1,15
CGCTTGGCTTGGATCT-1,12
CGGAACCGATTGAGTC-1,7
CGGACACTATGTATCA-1,11
CGGACTGTGAGTATAG-1,2
CGGAGCCATCTGGATA-1,13
CGGAGCCGCAATAGCC-1,4
CGGAGCGGTAAGACGC-1,14
CGGAGCGTAGAATCTT-1,10
CGGAGCTCCGATACCT-1,10
CGGAGCTCTTCCAACG-1,10
CGGAGGCTAGTCGGCA-1,10
CGGAGTAAGGTGCGGT-1,12
CGGAGTAAGTGCACAT-1,8
CGGAGTCTTACGTGAA-1,8
CGGAGTGGCGACTAAG-1,4
CGGAGTGGTCAAGTAT-1,12
CGGATGTTGAACCACG-1,12
CGGATTCCAGACGGTT-1,8
CGGATTGCGTCTACCT-1,5
CGGATTGTGCAGGAGC-1,13
CGGCAACCACTAGCAT-1,14
CGGCAACCTAAGTCCA-1,4
CGGCAAGATGCGTCGG-1,5
CGGCAATCAACGTGGA-1,12
CGGCAATCGATAGCGA-1,7
CGGCAATTAATTGGAC-1,11
CGGCACTCCGGTTCGC-1,5
CGGCATTATCGCGTGG-1,7
CGGCCATCAACCGGCG-1,11
CGGCCTAACGATAATG-1,4
CGGCCTGCGATCGATG-1,6
CGGCGTAGCGCTAGGA-1,2
CGGCGTTGGTTGCAGC-1,8
CGGCTCGTGGAGTACT-1,8
CGGCTGACCGCTCGCA-1,11
CGGCTGTACATGATGT-1,15
CGGCTGTCGGTATTAC-1,3
CGGCTTACGTGCACGA-1,14
CGGCTTATTCGCTAAT-1,14
CGGCTTCCAATAGGAA-1,3
CGGCTTCGATCTCCAA-1,8
CGGCTTCTACGATATG-1,10
CGGCTTGTGCCGGCCT-1,5
CGGTAGAACGTGACTT-1,8
CGGTAGATTCCTATGC-1,8
CGGTAGGTACTCTACG-1,11
CGGTAGGTTCGATTCA-1,3
CGGTATAGGATGAGCG-1,2
CGGTCAACGGCGGATT-1,4
CGGTCAATTGGCCGAT-1,11
CGGTCATGGAGGACTC-1,2
CGGTCCATACTTGAGC-1,7
CGGTCCATGCGACTCC-1,15
CGGTCCATTACAACTA-1,5
CGGTCCGGTTCTTAGC-1,8
CGGTCTAGATCGAATG-1,7
CGGTCTGCTTGAATGA-1,8
CGGTCTTATCCAAGCT-1,12
CGGTCTTGCTATTCTA-1,4
CGGTGAACGGTTAGAT-1,8
CGGTGAACTCACATTG-1,8
CGGTGAACTCCACCAG-1,10
CGGTGAGCATGTATAC-1,12
CGGTTACCATCAACCA-1,11
CGGTTACGTCCATGAA-1,9
CGGTTATCTGTCTTAA-1,5
CGGTTGATTGAGCGCC-1,9
CGTAACAGGTCTTGAA-1,7
CGTAACATAAGTCATC-1,10
CGTAACATTCGCGATA-1,14
CGTAACATTGGCTGAG-1,14
CGTAACCGGTATGCTA-1,7
CGTAACCTGACATCGA-1,10
CGTAACTAACAATCAT-1,15
CGTAAGCCGACCGCTT-1,6
CGTAATGTTATCGCCG-1,15
CGTACACGGCGTCTCC-1,10
CGTACAGACGAGGACC-1,5
CGTACAGGATTGGAAT-1,11
CGTACAGGCCGCACTG-1,7
CGTACAGTAAGTAATG-1,12
CGTACATCACTGGATG-1,5
CGTAGCCAAGTCCGTC-1,8
CGTAGCCTTGAGCAAG-1,7
CGTAGTACAAGGTACT-1,7
CGTAGTACGCATAATG-1,2
CGTAGTCCGAGCATGA-1,7
CGTAGTCGGTTATCGA-1,11
CGTAGTGACTCAAGGA-1,4
CGTAGTTATTGGTAGT-1,10
CGTAGTTCGTTGGTAG-1,14
CGTCAAGGCGGAATGT-1,5
CGTCAGAACGTTGCCG-1,4
CGTCCAATCTGCGTCC-1,5
CGTCCATAATCCGCTT-1,8
CGTCCATCCTAGCATC-1,7
CGTCCATCGTCCAATA-1,2
CGTCCATGTAGCGTCT-1,4
CGTCGGATCGCAGAAC-1,10
CGTCGGCAGACGGTAT-1,2
CGTCGGCGGTAGATCA-1,14
CGTCGGTTAGCGGTGA-1,7
CGTCTTGCAACTTCTG-1,8
CGTGAATGGTCCTGCG-1,10
CGTGAGCAATGGACAT-1,5
CGTGAGCTGTTATCGT-1,7
CGTGAGGAACATAGGT-1,13
CGTGAGGCATAATGGA-1,10
CGTGAGGCCTACAAGT-1,12
CGTGAGGCTCTTGTGC-1,10
CGTGCGGATTCATGTA-1,5
CGTGGCTCCTTGTCTT-1,5
CGTGTACGATGATTGT-1,4
CGTGTAGACACCTTCC-1,12
CGTGTAGTATTCTTGG-1,9
CGTGTATGAGGCCAGG-1,11
CGTGTTAACCTGAAGC-1,8
CGTGTTACCATATGTA-1,6
CGTGTTAGATGGTATC-1,5
CGTGTTGGACGTCTGG-1,10
CGTTACAGTGCACTCA-1,7
CGTTACGTGCAGATGG-1,10
CGTTCCTGTCACCGTG-1,15
CGTTGGTCGTCACTGT-1,8
CGTTGGTGGCGTCTGC-1,9
CGTTGTGAGCAAGTGG-1,2
CTAACAAGGCTCACTT-1,11
CTAACAGTATACCGGC-1,14
CTAACGTTAGGCAATG-1,6
CTAAGAACCTTATTCC-1,15
CTAAGAATTGATTCAC-1,7
CTAAGAGGCTATGTTC-1,7
CTAAGCGTGCCTGCAA-1,5
CTAAGCTCCACGATCA-1,12
CTAAGCTTACAGTACG-1,2
CTAAGTCAAGATCATG-1,12
CTAAGTGGCCGATTAG-1,5
CTAATCACTCCGAGAC-1,13
CTAATCTGGCCGTGTT-1,5
CTAATGACATCATTCT-1,7
CTAATGAGCGAGGCTA-1,14
CTAATTACGCAATGGA-1,10
CTACAACCGCTGTCTA-1,14
CTACAGAACCAGTTGA-1,9
CTACAGAATTAATGAC-1,12
CTACAGATCGGTCGCC-1,14
CTACAGATGGTCATAC-1,5
CTACAGCGTCTACACT-1,5
CTACAGGTCGCTAAGC-1,8
CTACATCTACTGGCTT-1,5
CTACCAGACCTCTTAG-1,5
CTACCAGGAGACATCT-1,5
CTACCATCGATGAGAA-1,13
CTACCTGTAATAAGCA-1,9
CTACCTTATCAACTGA-1,4
CTACGAATTGGCTGGT-1,4
CTACGAGCCGGACGGT-1,14
CTACGAGCCTGGAGAC-1,6
CTACGATGCGTCCGGC-1,7
CTACGCCTCCGCGTAT-1,10
CTACGCTACATCTGTT-1,10
CTACGCTTAGAAGTGC-1,7
CTACTGAGTGACGGAC-1,15
CTACTGCTCCGACAGT-1,4
CTACTTATGAACATAA-1,10
CTAGACGATTGAGCTA-1,4
CTAGCAACCAGTGCGG-1,9
CTAGCACGATCACTGT-1,4
CTAGCACGCCAAGCTT-1,15
CTAGCATAGAGCGAGC-1,1
CTAGCCGAAGATGGAC-1,10
CTAGCGCCTAGCTTAA-1,10
CTAGGACGCAAGCATT-1,10
CTAGGCCAGGAGTACG-1,12
CTAGTCAGGCGACAGT-1,5
CTAGTGTTCAGATCCG-1,11
CTAGTTATGTCCAAGG-1,14
CTAGTTCTACATGACG-1,10
CTAGTTGTCCACGTCA-1,15
CTAGTTGTGCGTCACT-1,7
CTATAACCAGCAGTAT-1,6
CTATAACTACGCCTGG-1,8
CTATAACTCCTGGAGG-1,7
CTATACCGACTCGCAT-1,2
CTATAGATCCACAAGC-1,12
CTATAGGTTGATGCCT-1,7
CTATCCATTAGCTCGA-1,5
CTATCCATTGAGCCAC-1,8
CTATCCGCTGCAATTG-1,5
CTATCCGTACGTTGGC-1,14
CTATCGAATGGTCTGT-1,13
CTATCGAGATGCCTAC-1,10
CTATCGATCTGCGTGA-1,11
CTATCGCAGTCAATGG-1,10
CTATCGGATATCGGAG-1,5
CTATCGGCTTAACTAG-1,9
CTATCGTATCAGCGTG-1,5
CTATCGTATGGTGATG-1,1
CTATCGTTACAACCTT-1,9
CTATCGTTATCCGTCG-1,11
CTATCGTTCCGCTCGT-1,7
CTATGCAACAGAGTCG-1,7
CTATGCACCAATCCAG-1,10
CTATGCAGACCTCGCC-1,11
CTATGCCACGAGGCTG-1,5
CTATGCCATTGGAGAA-1,13
CTATGCCGTACAGCGT-1,4
CTATGCCTATTGATCT-1,7
CTATGGCCAACGCCGG-1,9
CTATGTAGCGCAGATA-1,10
CTATGTAGGCCGAACG-1,14
CTATGTCAGGAACCTC-1,11
CTATGTGCCTGGTAGG-1,11
CTATGTGCCTTCAGGT-1,12
CTATGTGCGGTTGACT-1,5
CTATTAAGCCAGCACT-1,5
CTATTACCGTCATATT-1,13
CTATTAGACTAAGTGG-1,13
CTATTAGCGGCTTCGT-1,7
CTATTAGCTTCCATTC-1,7
CTATTAGTACTGGCTC-1,6
CTATTATGAGATACGA-1,14
CTATTATGGCACCTCG-1,5
CTATTCCGGCCGTCGG-1,2
CTATTCGTCTTACATA-1,4
CTATTCTGTAGGACCT-1,14
CTCAAGAAGCACTGTA-1,15
CTCAATACAGTATTCT-1,8
CTCAATACGTTAACCG-1,5
CTCAATGACCATTAAG-1,5
CTCAATGACCGTGGTA-1,11
CTCACCAGGAATTGAC-1,5
CTCACCAGTGTAAGTT-1,12
CTCACCGTGACTCGGA-1,10
CTCACCTGAGACTAAG-1,2
CTCACCTGCCGACTAA-1,4
CTCACCTGGCTTAGGT-1,5
CTCACCTTAATAAGAT-1,5
CTCACCTTCGGCGTCT-1,11
CTCACCTTCTGAAGTA-1,10
CTCACCTTGGAAGAAC-1,11
CTCACGAGTAGATGAG-1,2
CTCACGATCTCCGGAG-1,4
CTCACGTATTCAAGCG-1,14
CTCACGTGAACGTATT-1,3
CTCACGTTCGGTCTGC-1,5
CTCAGAAGACAACTCG-1,12
CTCAGGATACGCGGCA-1,2
CTCAGGCACGTCAGAC-1,5
CTCAGGTCACTACAGC-1,2
CTCAGGTCGTGCTCGC-1,6
CTCATAATAGCACCGT-1,12
CTCATAGCCAATGTCG-1,4
CTCATATGATAACTAT-1,9
CTCATATGTAACCGTG-1,7
CTCATATGTCCGTGAC-1,7
CTCATATTACTATGGT-1,15
CTCATCCTCGGCAAGT-1,12
CTCATCCTGGCAAGTC-1,14
CTCATCTATTCGATAC-1,5
CTCCAACCTTAGCCGG-1,11
CTCCAAGCGTCCTTCA-1,7
CTCCAATGGTCGCAGA-1,10
CTCCACGCTAGCTAGA-1,8
CTCCACTGGCTAATGG-1,9
CTCCAGAATATTACAT-1,8
CTCCATGGCGACCAGT-1,2
CTCCGGATCCTCGCTC-1,4
CTCCGGCCTACAGCTT-1,4
CTCCGGTTATGGCACG-1,11
CTCCGGTTCAGCGGAT-1,8
CTCCGTAAGGTCTGTT-1,10
CTCCTACATTGTATCT-1,5
CTCCTACCTCGTGGTA-1,7
CTCCTACTTGAGTAAG-1,4
CTCCTGTCGAAGCCAA-1,4
CTCCTTATCTTAAGAC-1,14
CTCCTTATGGAACCTT-1,8
CTCGACAGCACTCGGA-1,5
CTCGACATAATTCTAT-1,7
CTCGACTCCTAATGGA-1,14
CTCGATGCGGTGTTAA-1,7
CTCGATGTTGAACGGC-1,4
CTCGATGTTGCTATGT-1,5
CTCGCATACTCAACTC-1,8
CTCGCTAGCACCATCT-1,12
CTCGCTGTTCATAGAT-1,14
CTCGGAAGGCCAATAA-1,11
CTCGGAATTCTTGATA-1,8
CTCGGACTAACGTGGC-1,5
CTCGGAGTCTTAAGGA-1,4
CTCGGATCGGAATACG-1,4
CTCGGTCTCCAACTGC-1,6
CTCGTCGCGATTAATT-1,14
CTCGTGTCTTGGCCGC-1,12
CTCGTTCTGTCACGTT-1,4
CTCGTTGCACCTTAGG-1,11
CTGAAGCGGTTGCCAA-1,14
CTGAAGGAGCCTCACT-1,14
CTGAAGGATCTGTACG-1,4
CTGAAGGTGCTCGAGG-1,5
CTGAAGTGCTATGGCG-1,9
CTGAAGTGCTGAACTG-1,14
CTGAAGTTGCAGACAT-1,14
CTGAAGTTGGATCGGC-1,8
CTGAATACCAGCAACG-1,10
CTGAATTCGCGTAAGG-1,8
CTGACCGCCAATTAGG-1,5
CTGACGTATCCGCCAC-1,5
CTGACTCCGAATCTGC-1,12
CTGACTCGAATTCGTG-1,8
CTGACTGATTAGGCTG-1,9
CTGACTGTGGCCGGTT-1,14
CTGAGGTTCAGGCCAA-1,8
CTGATATTAGTAATCG-1,11
CTGATCCAACGCACAA-1,7
CTGATGCCAATGCTTC-1,7
CTGATTAACAGCGGCC-1,8
CTGATTAACGCAAGAA-1,10
CTGATTACAATGTCCA-1,10
CTGATTAGGTGCCGAA-1,7
CTGCACTACACTCATT-1,11
CTGCATAATGGACCGC-1,7
CTGCCACGTGTTAATA-1,13
CTGCCGATTGCGATGT-1,14
CTGCCGCTTCGGCTGC-1,14
CTGCCGTGAAGTCGCA-1,5
CTGCCTAGTGAATAAG-1,15
CTGCCTCCAACACCAG-1,4
CTGCCTGACACGGATT-1,2
CTGCCTGTGAGCCAGG-1,15
CTGCGGAAGCAGGCAC-1,8
CTGCGGCATGTAAGTA-1,13
CTGCTCATTAGAGTGC-1,2
CTGCTTACTGTCGCGA-1,11
CTGGAACAATAGACAG-1,8
CTGGAATAGGAATTAG-1,8
CTGGAATAGTGCAAGT-1,5
CTGGAATGGATAGTTC-1,13
CTGGAATGGATCAGCA-1,14
CTGGAATTCGGCGAAC-1,7
CTGGCACTTCTGCGTC-1,13
CTGGCCTGGAACAATT-1,10
CTGGCCTTACCACTTA-1,7
CTGGCCTTGCATTCGG-1,2
CTGGCGCACTTACTGA-1,7
CTGGCGCATATCCGTG-1,12
CTGGCGGACAACGCAC-1,4
CTGGCTGGACGCTTGG-1,5
CTGGTAATGAGCTCGT-1,15
CTGGTAATTAATCTGG-1,9
CTGGTACTCGAAGTGG-1,7
CTGGTGAGGTCTCGTC-1,8
CTGGTGATCCTGAAGG-1,5
CTGGTGATCGCCGTAG-1,5
CTGGTGCGAGAAGCTT-1,5
CTGGTGCGTTCACGAG-1,5
CTGGTGCTACAGTATT-1,8
CTGGTGCTTATGACCA-1,8
CTGGTGGCCAATAAGT-1,5
CTGGTGGCCTTCCGAC-1,7
CTGGTTGCGTTAATTG-1,8
CTGGTTGGACATCACC-1,7
CTGGTTGGCTTGTTAC-1,7
CTGTATCGAAGTGGAT-1,7
CTGTATCGGAAGCTCC-1,9
CTGTATCTTCGCCATA-1,2
CTGTATGGCTCAACAT-1,6
CTGTCACTATGTGCAT-1,7
CTGTCACTCGGCCTTA-1,5
CTGTCAGATCGATGCG-1,7
CTGTCAGGCTTCCTAA-1,8
CTGTCAGGTGGATCGT-1,13
CTGTCTATCCACATCT-1,14
CTGTGCAGATGATAAT-1,12
CTGTGCGTGAGCCGTC-1,13
CTGTGGCTTGTCAGCT-1,7
CTGTGGTAAGCTAATA-1,9
CTGTTCCAGAAGCTGA-1,5
CTGTTCGTATGCACCA-1,5
CTGTTCTGCTCAGGAC-1,10
CTGTTGCTACTCACAG-1,10
CTTAATACGGCTAGCA-1,7
CTTACGAACTCCGTCC-1,12
CTTACGACAACGATAC-1,12
CTTACGCAACTCAACG-1,12
CTTACGCCATGCACAG-1,4
CTTACGCTACGTAAGC-1,13
CTTACGGTAAGCCGAA-1,5
CTTACGTCATCCTTAT-1,14
CTTAGCAACTAGGACC-1,8
CTTAGCAAGGACAGCC-1,9
CTTAGCACGACAGAAC-1,6
CTTAGCCTAATGGTAA-1,9
CTTAGCCTGTAAGACA-1,11
CTTAGCGTAGCGTGCG-1,5
CTTAGCTACCATCTCA-1,13
CTTAGCTACGCAAGGT-1,5
CTTAGCTATCCTTGCG-1,14
CTTAGCTTAGTTCTCG-1,14
CTTAGCTTCGCTGACC-1,6
CTTAGTAAGCCTTAGG-1,11
CTTAGTAAGCGTGGCA-1,4
CTTAGTAATGCAACGA-1,8
CTTAGTCCTCATAAGT-1,14
CTTAGTCTATCGAGAC-1,5
CTTAGTCTCGACAACT-1,14
CTTAGTCTTATTCGGA-1,4
CTTAGTGCGACCTATT-1,5
CTTAGTGCGTTGACGC-1,9
CTTAGTGGCTAAGACG-1,10
CTTAGTGGTACACGAC-1,14
CTTAGTTGAATCACCT-1,7
CTTAGTTGCTCGTTGT-1,14
CTTAGTTGGAGCGACC-1,8
CTTATTCACTAGCTGG-1,12
CTTATTGAGTTCTGTA-1,9
CTTCAAGACGCAAGTG-1,15
CTTCAAGTAACAGCTT-1,1
CTTCAAGTCGACCTTC-1,14
CTTCATGCCTAGACGG-1,10
CTTCATTGGATACCAC-1,10
CTTCCAATTGAAGATT-1,14
CTTCCACGATCCTGTA-1,15
CTTCCACGCCTTCCTG-1,12
CTTCCATAACCTTACG-1,9
CTTCCGACGCACAACC-1,2
CTTCCGTCGCTGCATC-1,14
CTTCGACCAAGCCGAG-1,4
CTTCGACTCCAGACTG-1,12
CTTCGAGCTGCAGCCT-1,12
CTTCGAGTGATGGAAT-1,14
CTTCGATAACATTGGT-1,5
CTTCGATACAGTCTCC-1,11
CTTCGATACTCCGACC-1,5
CTTCGATATGTAGGAG-1,7
CTTCGATGGACGTACC-1,15
CTTCGCCGCAACATTA-1,9
CTTCGGCTCACTACCT-1,12
CTTCGTATTAATACGG-1,5
CTTCGTCAAGACTCGT-1,2
CTTCGTCACCAAGAGG-1,7
CTTCTACTCAAGTCGT-1,11
CTTCTGAGCCAGGAAC-1,10
CTTCTGAGGTCGCATA-1,14
CTTCTGTACGGACATC-1,2
CTTGAACCGAGTTAAT-1,12
CTTGAACTTAGAGGAA-1,8
CTTGAGCCTTGTTCCA-1,5
CTTGAGTCCAAGGCTG-1,7
CTTGAGTCTTACAGTG-1,12
CTTGATGCAATCACAA-1,7
CTTGCCGGAAGACGCA-1,4
CTTGCGTAACAGCAGT-1,5
CTTGGAACTCCACGCC-1,12
CTTGGACATTACAGGA-1,13
CTTGGACTTGTCTGTC-1,10
CTTGGAGGCCACCTGC-1,10
CTTGGATCAACCGTAT-1,12
CTTGGTGCAGCCTCCA-1,3
CTTGGTTAGAGTCATC-1,5
CTTGTAAGCGCTTCAT-1,7
CTTGTATCGTATGATT-1,12
CTTGTCAGTTCGGTAA-1,7
GAACAAGGTCGAGCAA-1,9
GAACAGATAACCTTAA-1,5
GAACAGCCATGTTGCA-1,12
GAACATTCGACACGTA-1,2
GAACCGAACGAAGACT-1,8
GAACCTTAGTTGATTA-1,13
GAACGCCACGGTGGTT-1,13
GAACGCCAGTGCATAC-1,5
GAACGCTAGAAGGCTA-1,5
GAACGCTTAGAACGTC-1,5
GAACTAACATGTATCC-1,12
GAACTAACTCTACGTG-1,14
GAACTACAAGTAGGAG-1,14
GAACTACCTTATCATA-1,4
GAACTATCGTCTCGTC-1,14
GAACTCATAGTGAGTG-1,12
GAACTCCTCATACATA-1,7
GAACTCCTGGAGGCTC-1,2
GAACTGTAACTCAGGC-1,14
GAACTTGGTGAGGATA-1,2
GAAGCGAGAACATGGA-1,12
GAAGCGATTGCCGAAT-1,5
GAAGCGGCTGATCAGT-1,8
GAAGCGTATCATCGTT-1,10
GAAGCGTCAGTAAGTC-1,15
GAAGCGTCCATAGTTG-1,7
GAAGCTGTTCTACATC-1,5
GAAGCTTGACGCTTAA-1,13
GAAGGATGGTATACGT-1,5
GAAGTAAGTTCCTCGA-1,15
GAAGTAGCTGAGTCTA-1,13
GAAGTCCAATCGTGTT-1,7
GAATAAGGAGAACTAA-1,2
GAATACAGACGAACTG-1,4
GAATACCTGCCACGGC-1,13
GAATACTAAGGCGAAT-1,5
GAATCAATTACCGACC-1,6
GAATCACCAGTGATAC-1,11
GAATCATAGTCTGAAG-1,8
GAATCATGAACCAGTG-1,12
GAATGACAACAGAATA-1,7
GAATGACAACTAGTCA-1,8
GAATGACACGACTAGG-1,2
GAATGACCACAATCGA-1,2
GAATGACCACGTGCAG-1,7
GAATGAGTATAGACCA-1,9
GAATGGCCAAGGAGGC-1,5
GAATGTATTGGATCAA-1,5
GAATGTCAGAATTCTG-1,10
GAATTAACCTTCAATT-1,5
GAATTCACAACTGCAG-1,7
GACAACATCATGCCGC-1,6
GACAACCTAGGAGTCT-1,5
GACAACGGACTCAGCT-1,5
GACAACGGCGATGTTA-1,2
GACAACTTAACCAACC-1,5
GACAACTTGATTGTGA-1,6
GACAAGCCTCGTTAGT-1,10
GACAAGCTGAATCTGG-1,14
GACAAGTGTTATAGGC-1,3
GACAATCTATTAGATT-1,5
GACAATGACAAGCTTA-1,10
GACAATTGTATGCTTC-1,2
GACAGCAACTCAGAAC-1,8
GACAGTCACTTCGCTC-1,5
GACATCCTCAACCTCG-1,5
GACATCTGCGGTCTTG-1,8
GACCAATTGCGTCAGA-1,15
GACCACATTCTTGAAT-1,5
GACCACGGCGTACATA-1,6
GACCACTCCTGACGTT-1,12
GACCACTTACGGACAT-1,12
GACCACTTAGACAGGT-1,4
GACCGAAGACTGGCAG-1,11
GACCGAATCTAATACG-1,12
GACCGACAATAGGAAT-1,8
GACCGAGGCAACGTTC-1,11
GACCGGCCATGTACCG-1,14
GACCGTATTAGACCGG-1,9
GACCGTGAATGTAAGT-1,10
GACCTGCTGTACGAAG-1,6
GACCTGCTGTCGTGTA-1,11
GACCTGTCGATTGCAG-1,14
GACGAGAAGTTACAGA-1,13
GACGAGCTGCACTCGT-1,8
GACGAGTGCTGGAGAT-1,14
GACGCAGCGTCAAGTT-1,5
GACGCCTCGTCAGAGG-1,6
GACGCCTCTTGATTGT-1,5
GACGCTCAACTGAGTG-1,11
GACGCTCACCAACCGG-1,7
GACGCTGTACAAGGCG-1,15
GACGGCTTAGGTGCGA-1,14
GACGGTACCTGGCCGT-1,8
GACGGTGGTTGATGTC-1,5
GACGTACAGGAACGCT-1,8
GACGTACTGCGTGCGG-1,8
GACGTAGACTGCCGCA-1,10
GACGTCTTATCTCAGC-1,9
GACGTTCGGTCTTACC-1,3
GACTACGAGTTCCATT-1,5
GACTAGATTAGCTAAC-1,10
GACTAGCTTCCTTGTA-1,10
GACTAGGCAGACTTGG-1,15
GACTAGTAATCTTGCT-1,2
GACTCGGCTTGCGGAT-1,12
GACTGAGGTGATTAAC-1,11
GACTGCCATAGAATAC-1,14
GACTGCGGTCTGCGTG-1,14
GACTTCATACCGCTGT-1,8
GACTTGAACGTCCGTA-1,8
GACTTGAAGCCATAGC-1,7
GACTTGACGATGCTGT-1,11
GACTTGCTTCTAGGAG-1,10
GAGCAGACTAGTGGTA-1,13
GAGCATCTCCAGTCTG-1,9
GAGCCAAGCGATCGTA-1,8
GAGCCAAGCGCCTCAC-1,7
GAGCCAAGTTACTACA-1,8
GAGCCACTTATGCATT-1,15
GAGCCAGCTTACGGTA-1,2
GAGCCAGGTGTCAGTT-1,15
GAGCCAGTATTGTCAA-1,5
GAGCCTCACGTATGTA-1,14
GAGCCTCCAGTACCGA-1,8
GAGCGAATCGGTAGAA-1,8
GAGCGATACTCCAGGC-1,9
GAGCGGCAATGGAATA-1,14
GAGCTAACCTACTTAC-1,12
GAGCTAAGGTTGCGTT-1,8
GAGCTACAAGATCAAG-1,8
GAGCTACAGCTCGGTA-1,14
GAGCTTGATGGAAGCT-1,7
GAGGAAGCCGATGTGA-1,13
GAGGAAGGACAATGAA-1,13
GAGGAAGGCAACGGCG-1,5
GAGGACAGATCGCCTA-1,6
GAGGACGAGTCCTAGT-1,5
GAGGATACCAGGTACG-1,9
GAGGATCCAGAACTGG-1,5
GAGGATGATAGGAAGG-1,5
GAGGCCACAAGGTGCA-1,5
GAGGCCACTTCTAGAT-1,14
GAGGCCAGCAGAGGTT-1,14
GAGGCGCTCCATTCCT-1,7
GAGGTAACATTCGATC-1,7
GAGGTAACTAGACAGT-1,12
GAGGTAACTGCGAGAC-1,8
GAGGTATTAATAGCGG-1,5
GAGGTCACTGTAAGCT-1,4
GAGGTCCAAGTAGCTA-1,8
GAGGTGAGATCATTGG-1,13
GAGGTGAGGATTCATT-1,8
GAGGTGCATTCGGATC-1,5
GAGGTGCCTCTTCGTG-1,10
GAGGTGCGGCTGACCA-1,10
GAGGTGGCTCGAGGTT-1,9
GAGGTGTAGCAACTCA-1,14
GAGGTTAGATCGAAGA-1,14
GAGTAACGTGGCTTGA-1,12
GAGTAGACGCAGGCTC-1,5
GAGTAGATACGTCAAC-1,15
GAGTAGATTATGGTTC-1,12
GAGTAGGATGGTAGTC-1,14
GAGTCACCGTCCTCCA-1,15
GAGTCACGTCCTTAGA-1,7
GAGTCCACGCCTGAAG-1,4
GAGTCCACTCATAACA-1,4
GAGTCCTCTAGCGACA-1,8
GAGTCTATTCCAGGAC-1,7
GAGTCTCGAGATAGTC-1,9
GAGTCTGACTATAGAA-1,14
GAGTCTGGTGAATGAG-1,5
GAGTGCAGCGTCATCG-1,5
GAGTGCCGCATTAGGC-1,5
GAGTGCGGATACAGTC-1,7
GAGTGGAGCAAGCGCA-1,14
GAGTTAATCTCGTTAT-1,9
GAGTTAATTCCACTGG-1,12
GAGTTACTCAATGGAA-1,7
GAGTTAGCAGTAGATG-1,7
GAGTTCTATCGTGCCT-1,2
GAGTTGGTATTAATAG-1,10
GATAAGCACGTGCGTA-1,12
GATAATCAGCTATTGT-1,4
GATACCTCGCGACTGC-1,9
GATACGACTGAACAGA-1,5
GATACTTCACTCAGCA-1,5
GATAGAGTCTGAATCG-1,8
GATAGAGTGATAAGCT-1,8
GATAGATGTTGAAGAT-1,7
GATAGCTAATGGATAG-1,6
GATAGTGACACTCCAA-1,2
GATATCCATATGAGGC-1,8
GATATCTTGTGACACG-1,8
GATATGCTCACGTTAC-1,7
GATCACGGCGTCTGGA-1,14
GATCACGTGATAGTTC-1,10
GATCACTTAACGGATT-1,12
GATCCACCGCGTGCAA-1,4
GATCCACCTTACCTTG-1,7
GATCCACGAGCGTGCC-1,7
GATCCATAGGATGTAA-1,7
GATCCGGACATACACC-1,5
GATCGCGGAGTCTAAT-1,1
GATCGGAGATACGCAG-1,2
GATCGTAACATTAATA-1,7
GATCGTAAGAGTCGCA-1,12
GATCGTCATGCGGAGG-1,5
GATCGTGGCCACAACC-1,7
GATCGTTGATGGATGC-1,9
GATCGTTGTATCTACT-1,13
GATCTATGAAGATGCG-1,2
GATCTTGTCATGATCT-1,7
GATGACTCTGAATCTT-1,7
GATGAGTGAACGGCTG-1,14
GATGCAACTCGCGTTG-1,10
GATGCCACATTATCAC-1,9
GATGCCAGACATAATG-1,10
GATGCCATCTATAACC-1,15
GATGCCGACAGATATT-1,10
GATGCCTAGAGTCTGT-1,5
GATGCGGTCCAGCTTA-1,13
GATGGACCTGGACGGA-1,2
GATGGACGGCAGATGA-1,8
GATGTAGCGAGGTCCA-1,4
GATGTAGGAGTTGGCC-1,5
GATGTTCTATAGGATA-1,15
GATTATGTGACATGAT-1,6
GATTCCAAGTCCTGTA-1,10
GATTCCATACTGAACC-1,14
GATTCCATTGAGTTGA-1,4
GATTCCGCTGCAAGAT-1,5
GATTCCGTCTAACGTT-1,8
GATTCCGTGCGTATAC-1,7
GATTCCTGCAGATCGT-1,8
GATTCGCCATGTATCA-1,6
GATTGTCGCAACGAGG-1,2
GCAACAGCCTGCTCTA-1,9
GCAACAGCTCCTATGA-1,13
GCAACAGGCCATTGAC-1,14
GCAACATACATCAGCA-1,14
GCAACATCAGTCAAGT-1,10
GCAACATGGTTCTTCA-1,6
GCAAGAATGTTCCACC-1,4
GCAAGATAGGTTAACT-1,5
GCAAGCACTACCGCCA-1,7
GCAAGCTTATTGACGT-1,15
GCAATACATGAGGACA-1,7
GCAATCAACTCCAGAT-1,13
GCAATCCTCGAGCGTT-1,6
GCAATCGTGACTCCAA-1,5
GCAATTAATCAACGTA-1,7
GCAATTCCTATCATAC-1,12
GCAATTCTGTGACAGA-1,8
GCACAGCAGTCTGTAA-1,10
GCACAGCTGTGGTTGA-1,4
GCACAGGCTCTACCAT-1,7
GCACAGTCTTGATAGA-1,7
GCACATCGTCTGCGGA-1,15
GCACATGCCGGTCTGG-1,7
GCACCGAAGATGTCTA-1,7
GCACCTAGCCGAATCT-1,8
GCACCTAGTAATTATC-1,7
GCACCTTAATCGGATA-1,13
GCACCTTACTGGCTAC-1,5
GCACCTTAGCCTCGCA-1,12
GCACGAGCAGTACCGA-1,5
GCACGAGCTATTGTCG-1,7
GCACGAGGTCACGGAC-1,10
GCACGCAACCATACCA-1,4
GCACGCATAGATTGCT-1,14
GCACGCATAGGCGATC-1,4
GCACGCTTCGTTGTTC-1,5
GCACGGAAGGATAGTA-1,5
GCACTACACTATTGCG-1,8
GCACTCCGACTGGCGT-1,7
GCACTCTGTTGCCATA-1,4
GCACTCTTGCTACCGA-1,5
GCACTGAATATGACAG-1,5
GCACTGCCTCGATGCG-1,14
GCACTGGACGCAGCAC-1,14
GCACTGTTGCGGCCTT-1,5
GCAGACGCCTGGTTAT-1,4
GCAGATACGTTGAACG-1,8
GCAGATAGTTGGAGAC-1,14
GCAGATCCTAATGTGG-1,2
GCAGATCGGTAATTAT-1,9
GCAGCCGGATGCCGCA-1,15
GCAGCGACAGTTCGGT-1,8
GCAGGCAGTGATCTAC-1,6
GCAGGCCATTCCTGCC-1,5
GCAGGCTACCGTCCTT-1,14
GCAGGCTGGTTCCAAG-1,7
GCAGGTCACTACCTCA-1,4
GCAGGTGCTGATGCTT-1,5
GCAGTACTCAACGAAG-1,15
GCAGTAGATGTCCAAT-1,14
GCAGTTCGGCATTAGC-1,12
GCAGTTGACAATAGAA-1,13
GCATAACCGAGGTGAT-1,2
GCATACTAGCATCGAA-1,2
GCATGACGGATTATCA-1,4
GCATGCGTCCTATTAA-1,15
GCATGCTGAGACAGGT-1,8
GCATGTCGAGTGTCTT-1,7
GCATTACCTGTCAAGA-1,5
GCATTGACTACAGCGA-1,2
GCATTGGTTACCAAGC-1,14
GCCAACGAGCGGCATA-1,9
GCCACGAAGGAATTCC-1,6
GCCACGACCGTTAAGT-1,5
GCCACGCCTTAGTACG-1,8
GCCACTATAGACCATA-1,2
GCCACTCCGTCACCTC-1,14
GCCAGACAGACGCCTA-1,12
GCCAGACATCTATCAC-1,4
GCCAGTAGACGATACC-1,5
GCCAGTGCTCTACACT-1,7
GCCAGTTCCTCGTGCC-1,4
GCCATTCTCGTGTAGA-1,15
GCCATTGAGTGCTGCG-1,7
GCCATTGCATGTTAAC-1,8
GCCATTGTAACTGATC-1,4
GCCATTGTAATGTCTT-1,5
GCCGAAGATGTATTGA-1,10
GCCGAATCCACGACTC-1,13
GCCGAGTCCTCGTCCA-1,4
GCCGATACGGTATCAG-1,14
GCCGATCGAGTGAAGT-1,10
GCCGATCTCGTGACTC-1,15
GCCGCACTTCGTCTAT-1,15
GCCGCTAGATCACCTT-1,11
GCCGCTGATTGGCCAG-1,14
GCCGCTTCTAAGGTGA-1,5
GCCGGCAATAGGCAGG-1,10
GCCGGCGAACCATTGT-1,14
GCCGGCGTAGGTGACG-1,14
GCCGGCGTGAACTTGC-1,2
GCCGGTATGCTCATGC-1,5
GCCGTATGCCAGTCTT-1,7
GCCGTATGCGTTATAG-1,10
GCCTATAGCATACCTT-1,5
GCCTCCAACAGTAGCC-1,15
GCCTCCGTCTACCTCG-1,6
GCCTCCGTGCTGTAAT-1,11
GCCTCCTGCGGCCGTT-1,14
GCCTGGAACGTCTGCT-1,10
GCCTGGACAATGTATC-1,15
GCCTGGAGCAAGTTAG-1,12
GCCTGGTAAGGCGACT-1,10
GCCTGGTACATGGTCG-1,2
GCCTGGTCAGGTTGCC-1,2
GCCTGTGAAGTCGGCG-1,5
GCCTGTGACACCAGAA-1,10
GCCTGTGATAGATTGG-1,7
GCCTTCGCTTATGTTC-1,6
GCCTTCTGATTCCGTC-1,4
GCCTTCTGTCACGCTC-1,5
GCCTTGAGATCTGAGC-1,14
GCCTTGCCACTTCTGA-1,5
GCCTTGCCTAGTCGAT-1,8
GCCTTGGCGAACAATC-1,5
GCGAACAATAGAAGAC-1,3
GCGAATAGTGGCTAAT-1,7
GCGAATCGAGAACACG-1,5
GCGAATGCAGTGTCAA-1,4
GCGAATTGGCTAGCCA-1,4
GCGACACTAAGCTAAG-1,5
GCGACAGTGCCGCACC-1,4
GCGACGTAGAGCGTTA-1,7
GCGAGCGGACCATAAC-1,5
GCGAGCGGTTGTCATG-1,7
GCGAGCTAACTCCTAG-1,13
GCGAGGATCGACCTTA-1,14
GCGAGTTGAACGTCGA-1,7
GCGATCTTGCTCACGC-1,14
GCGATGACCGTGTAAT-1,2
GCGATGCCTCTAAGTC-1,7
GCGATGGAGCTACATT-1,8
GCGATGTACTGCTATT-1,7
GCGATTCTAACAGTAA-1,8
GCGGAGCCTGTAACAT-1,13
GCGGCAAGTGTTATGT-1,2
GCGGTCCATCACGGCA-1,15
GCGGTCCGCTGTCTCA-1,10
GCGGTCCTGTAGTCTG-1,9
GCGGTCGGCGTACCTT-1,14
GCGGTCGTTGATCTTG-1,12
GCGGTGAATCCTGTTA-1,15
GCGGTGGCCGACGCAT-1,2
GCGGTTCTGTGGACGT-1,8
GCGGTTGCCTCGACGG-1,8
GCGTAACGTTACAGGT-1,8
GCGTACCGGAACGACA-1,14
GCGTACCGGATGGCTC-1,5
GCGTACCGTGTATCAG-1,14
GCGTACGAATCTAATC-1,5
GCGTCCAGCAATTGGC-1,14
GCGTCCTCTGCCGTTG-1,10
GCGTCGGAATGCTGCC-1,14
GCGTCGGTCACGCCAG-1,9
GCGTCGTAGGCTCATC-1,9
GCGTCTCGCAACTCAT-1,5
GCGTCTGGCCTGCAGC-1,15
GCGTGAACGTGACTCA-1,11
GCGTTAATAGTCAGTA-1,5
GCGTTCGAGGCCACAA-1,10
GCGTTCGATCTTGGCC-1,15
GCGTTGTATCGGAGCT-1,8
GCTAACAGATTGGTAG-1,9
GCTAACCATAGGCGTT-1,4
GCTAACGTCCATTCTG-1,11
GCTACATCTGTACTCA-1,10
GCTACCATCCTGTAGA-1,14
GCTACCTAGTCCGTTC-1,13
GCTACTTCTGACGCGA-1,12
GCTAGTCGATAGGTGC-1,10
GCTATGCGTGAACGGT-1,5
GCTCAACCACGGCAAC-1,14
GCTCATACAATTAGAC-1,5
GCTCATACCTCAGGCA-1,10
GCTCATTGGTTCAACA-1,13
GCTCCGAGACTACATA-1,4
GCTCCTATGTCTTCGC-1,8
GCTCGATCGCAGCCAC-1,8
GCTCGATGCTCGCATG-1,7
GCTCGCATCGTCATTA-1,5
GCTCGGAGATGAATGT-1,14
GCTCGTCTGCCGCAAT-1,6
GCTCTGACTCGACTTA-1,15
GCTGAATGACCGTGAG-1,4
GCTGACAGCCGGAGCG-1,14
GCTGACTTGTCTCAAT-1,8
GCTGAGGACAAGAAGT-1,5
GCTGAGTGTTCAACCG-1,6
GCTGCCGCCTATGTAG-1,4
GCTGCGCAATGGAAGC-1,10
GCTGCGTTATGTGGAC-1,8
GCTGGATGACTCTACC-1,14
GCTGTAGTGCTGTCGC-1,5
GCTGTCGCGATGGTAG-1,10
GCTGTCTAATTGGCAA-1,15
GCTGTTATGGTTGCCG-1,8
GCTGTTCAACCGAATA-1,8
GCTGTTCATCAGCGTC-1,11
GCTGTTGATAGTCTTA-1,14
GCTTAATAGAGGCGAG-1,14
GCTTACAGATGTGCAC-1,10
GCTTAGACTACCAATG-1,8
GCTTCAATGTAACACC-1,11
GCTTCGATTGCGGTGC-1,13
GCTTCGCTAAGCGACC-1,10
GCTTCGCTCAAGCGAT-1,8
GCTTCGGCATCAGAGT-1,12
GCTTCTAAGTCTGACG-1,7
GCTTCTAGCGTTCATT-1,14
GCTTCTCCAGAACCGC-1,4
GCTTCTGAACCGCTAT-1,7
GCTTCTGTATCGACGC-1,8
GCTTCTGTTACGAGAA-1,12
GCTTCTTGAATCGGTT-1,5
GCTTCTTGGACGAGCG-1,14
GCTTGACCTCCGCTTC-1,4
GCTTGAGCTCTTGACA-1,10
GCTTGCAATACAAGGC-1,8
GCTTGCCATAGTGGAT-1,9
GCTTGCTCAGTGTCCG-1,7
GCTTGCTTACTTAACG-1,2
GCTTGGATCCAACCGG-1,12
GCTTGGATGCTCGCTT-1,5
GCTTGGCACTCCGTCT-1,5
GCTTGGCTGCGGTAAC-1,14
GCTTGGTCAACCGTGG-1,6
GCTTGGTGTTCGAACA-1,2
GGAACATCGTGGAATC-1,2
GGAACGATAACATTAT-1,14
GGAACTTCGACATGTC-1,14
GGAAGAATAACTAACC-1,7
GGAAGCAGTCATTCAG-1,8
GGAAGCTATGGCACAG-1,10
GGAAGCTGAGATAAGG-1,1
GGAAGTCCTTGTCATC-1,11
GGAAGTCTTGTCGCAT-1,5
GGAATCCTTAGACTGT-1,5
GGAATGCGCCGACAGG-1,13
GGAATGGCAACTTGGA-1,4
GGAATGTCTTGTGCAC-1,7
GGACAGGTCGCATAAT-1,7
GGACAGTGCGGCAACA-1,14
GGACCACTTATCGTTC-1,7
GGACCAGATAGGATGT-1,13
GGACCATCACCGCCAA-1,5
GGACCGATCTGGATTA-1,5
GGACCGCTTCCTGGCA-1,2
GGACCGGCTAAGTAGA-1,15
GGACGAGTCTGTTCAC-1,12
GGACGGATCCATCTAA-1,11
GGACGGCTATCGACCA-1,15
GGACGGCTGACTAGTT-1,15
GGACGGTGCAGTAGGA-1,9
GGACGTACATACCAGA-1,5
GGACGTACTTCGGACA-1,8
GGACGTAGCCGCGTAA-1,15
GGACGTAGTGTAGAAG-1,10
GGACGTCGAACGGCTT-1,8
GGACGTCGAGGATTCA-1,9
GGACGTCGCACGAGAA-1,7
GGACGTTACGTACATC-1,13
GGACGTTAGATATTAC-1,6
GGACGTTGGAGGTGAT-1,14
GGACTCACGGTCCAAT-1,10
GGACTCGTTCCTCGGA-1,11
GGACTCTGAACCTGAG-1,13
GGAGAAGCCAAGCGCT-1,8
GGAGATCCGTAGGATA-1,7
GGAGATGCGTGCAGTA-1,7
GGAGATGGCTCGAGAT-1,8
GGAGATGTGCCATAAC-1,14
GGAGATTCACGACCAT-1,11
GGAGCACCAACTGATT-1,12
GGAGCGAATTGGACGG-1,5
GGAGCGAGTGTAACTT-1,2
GGAGCGGCACCTCGTA-1,5
GGAGGCACATAGCGTA-1,11
GGAGGTATTGGACACC-1,3
GGAGGTCGTAGGAGCT-1,8
GGAGTCCAGATAGCTT-1,4
GGAGTCTAAGGCCGCT-1,7
GGAGTCTAAGTGGTCC-1,9
GGAGTGTCCATGTATT-1,9
GGATAAGTCAGGATAG-1,8
GGATAATTATGCTGGT-1,6
GGATAATTCAATGCTG-1,14
GGATCGATACCTCCGG-1,7
GGATCGCTGGCATATT-1,2
GGATCGGACGTCTTGT-1,10
GGATCTTCTAAGCGAA-1,1
GGATGGATCACTCATA-1,2
GGATTCCGACGTGATG-1,8
GGATTCGATGTCCGGA-1,7
GGATTCGTGGTAATCA-1,13
GGCAAGACAATCAGCT-1,12
GGCAATGCGAACTTAA-1,7
GGCACGACGGACGTCG-1,7
GGCAGCATCGAGAACC-1,15
GGCAGCCGGCACTTCC-1,5
GGCAGCGTATACGACT-1,4
GGCAGGAAGTCTTCTA-1,12
GGCATAATCCTATCGC-1,14
GGCATAATCCTTCATG-1,8
GGCATACATGGCTCAG-1,8
GGCATACTATTGCACT-1,13
GGCATTCCGATGCTCG-1,8
GGCATTGCTAAGAATG-1,2
GGCCAAGATGGATGGC-1,7
GGCCAATAACGCTACA-1,7
GGCCAGTAGGTATGAG-1,9
GGCCGCCAACTATTGC-1,7
GGCCGGCGGTCTGTTA-1,13
GGCCGGCTTCGTCAAC-1,7
GGCCGTCCAGTAGGAC-1,9
GGCCTGCGTTATGCCG-1,5
GGCCTTCGACCAGGTA-1,5
GGCCTTGGATGTTGTC-1,5
GGCGACCATAGCGTTA-1,4
GGCGACCTATCTGGCG-1,8
GGCGACTTCTTGATGT-1,7
GGCGAGGCAGCCTACT-1,9
GGCGATCGGTCTGCTC-1,14
GGCGCAGGTCGCGTCT-1,10
GGCGCCAAGGAGCGCT-1,14
GGCGCCACCGGAGCAA-1,4
GGCGCCACTCTGCGTT-1,12
GGCGCCACTGAACATC-1,14
GGCGCCGTCGGACATA-1,4
GGCGCCTTGGCCTAAG-1,11
GGCGCTAATATGCTCC-1,8
GGCGCTTCACCAGCGA-1,7
GGCGGAAGTCTTGTAG-1,2
GGCGGAGCACTGATAA-1,5
GGCGGAGTTGAACTAT-1,5
GGCGGATACAACGCAC-1,7
GGCGGATATTGATTGA-1,14
GGCGTCGCCGTATGAT-1,4
GGCGTCGGTAGTGATA-1,5
GGCGTGAACTCAACGG-1,7
GGCGTGGACCTTAGAT-1,10
GGCGTGGCACGGCACT-1,14
GGCGTGTAATTACTTA-1,2
GGCTAATGTCTAGCGT-1,7
GGCTCAATCAACATGA-1,12
GGCTCGATTAAGGCGG-1,3
GGCTGACGCCGAATCA-1,5
GGCTGCTAACTTCGCT-1,11
GGCTGCTCCATAGCTG-1,11
GGCTGTGGAATAGCGT-1,15
GGCTGTTCAATGTCAA-1,6
GGCTTGCCATAGGCTC-1,9
GGTAACTCAACACTCC-1,15
GGTAAGGCGACGATGA-1,5
GGTACCACCTATACCT-1,14
GGTACCAGGTAGTGTT-1,14
GGTACGAAGAACTCGA-1,11
GGTACGATCGACTTAA-1,14
GGTACGCTTACCTGCG-1,10
GGTACGGAGCATCAGC-1,7
GGTACGGTATGCTCCA-1,12
GGTACGTGCCTTATCC-1,11
GGTACGTGCTCGGCAA-1,2
GGTACTGTGATCTTCC-1,9
GGTAGCCAAGGTACTT-1,14
GGTAGCCATCAATCCG-1,14
GGTAGCGTACATCTGT-1,9
GGTAGCTTAGCCAATC-1,2
GGTAGGCCACATGCAA-1,14
GGTAGGTCTGGCTAAC-1,7
GGTAGTACAGGTTAGA-1,6
GGTAGTACCGCAACAG-1,5
GGTAGTTGAAGTCCAT-1,12
GGTATGCAACAGTGGC-1,5
GGTCACCGCATAACAA-1,5
GGTCATGCTCTGCCAA-1,15
GGTCCGGACGAGTGAA-1,7
GGTCCTGCGAGTAGGT-1,2
GGTCTGAAGGTTCGAA-1,12
GGTCTGAAGTATGTCA-1,4
GGTCTGCGAACTGTAT-1,4
GGTCTGGTTGTAGAAC-1,9
GGTCTGTTCACTAATC-1,9
GGTCTTATAGGCTGGC-1,2
GGTCTTCCGCACATCC-1,14
GGTCTTCCGGCTGGAC-1,5
GGTCTTGAACCGGCCA-1,5
GGTCTTGATAACGTCA-1,10
GGTCTTGATTCAACCT-1,13
GGTGATGGTACAATGG-1,13
GGTGCAACCATGAGGA-1,13
GGTGCAATCAGACTTC-1,9
GGTGCACTCCGGTTCG-1,9
GGTGCAGGCACCGCGT-1,4
GGTGCAGTGGTCTTAT-1,12
GGTGCAGTTCCATATG-1,8
GGTGCATGATACGGAT-1,8
GGTGGCTTATTGCGTG-1,2
GGTGTATGTTCCGATC-1,10
GGTGTCAAGCTGCACC-1,13
GGTGTCACCAGCGAAC-1,7
GGTTACCAAGGAATCT-1,11
GGTTACGGACGATTAA-1,5
GGTTAGACTCACTAGC-1,8
GGTTAGACTCGGAGGT-1,12
GGTTAGATGCCGTTGC-1,7
GGTTAGCTTCATGAGT-1,8
GGTTAGTATGAGTGTC-1,4
GGTTAGTCGGCAGCGA-1,15
GGTTAGTGCTCCTACT-1,15
GGTTCAAGGCGTGCGT-1,8
GGTTCAAGGTTAAGCC-1,15
GGTTCACCGACTCACG-1,2
GGTTCATTCCGGCCTC-1,4
GGTTCTATACCGCTTG-1,5
GGTTCTCCTATCAGTT-1,4
GGTTCTCGCTCACGCC-1,11
GGTTCTCGTGATGTGA-1,12
GGTTCTGGAGTCTACC-1,14
GGTTGCGATTGAACAG-1,15
GTAACACCGAGCGTTA-1,4
GTAACACTGTACCACG-1,15
GTAACATACACCTGTT-1,2
GTAACCACAAGGCTGA-1,13
GTAACCTAGCGTCACG-1,15
GTAACGGCAGCCTACA-1,5
GTAAGTTGCGGAGCGT-1,2
GTAAGTTGCTGGTGGA-1,5
GTAATAGTCCTAAGCC-1,8
GTAATCACGCACAGCT-1,5
GTAATCAGGCGGACGG-1,14
GTAATCTTGTCTAGTT-1,8
GTAATGACGGTCTACG-1,9
GTAATGATCACGTAAG-1,10
GTACAACTCGGCAGAA-1,14
GTACAGAACAGGACTC-1,7
GTACAGAACCGATTAT-1,10
GTACAGAACGCAGCGT-1,11
GTACAGATGACATCGC-1,8
GTACAGCCGTTACAGA-1,5
GTACAGCTGAGCCGGA-1,8
GTACAGCTGTTGTCCT-1,8
GTACAGGAACGAATGG-1,8
GTACAGTATCGGAATT-1,2
GTACATAAGCTACGCC-1,7
GTACCTACAATACGAA-1,1
GTACCTCCTGATTCTT-1,10
GTACCTGAAGTGAATG-1,5
GTACCTTCATGTGCAA-1,10
GTACGAAGATTATCCG-1,8
GTACGAATTACATAAT-1,5
GTACGAATTCTACCAA-1,7
GTACGACAGCTCCGGA-1,13
GTACGAGGTAGTGCAC-1,14
GTACGATTAGTCTACA-1,4
GTACGATTGCGATGGC-1,7
GTACGCACTCAATTGC-1,12
GTACGCCATAGATGGT-1,7
GTACGCCTCGCTTCCA-1,6
GTACGCTCGCCAACAT-1,6
GTACGCTTGATACCAC-1,8
GTACTACCGTTAGGTG-1,10
GTACTGCATAAGGTTA-1,4
GTACTTAACTTCAGCG-1,14
GTACTTACTTCATACC-1,9
GTACTTCTGATCCTCG-1,7
GTAGAAGGACATCATA-1,2
GTAGAAGTAAGCTGCG-1,4
GTAGAATCGCACATCG-1,12
GTAGACCAACTCCAAT-1,15
GTAGACCTGTCAACCA-1,5
GTAGACGTGCATGTGC-1,5
GTAGCAACGACCGTGG-1,2
GTAGCACGAGCTCAAG-1,6
GTAGCAGAACATGGTG-1,8
GTAGCAGAGCAATAGC-1,7
GTAGCATAGTTACAGG-1,12
GTAGCATCGAAGGTCT-1,7
GTAGCCAGCTTAATTG-1,3
GTAGCCAGTGCGGTTG-1,12
GTAGCCGCACTCCATC-1,4
GTAGCGCCTGAACTCA-1,10
GTAGCGCTCATCAGGT-1,8
GTAGCGTGTAGCATGT-1,7
GTAGGAGCAACAGGCA-1,6
GTAGTCCAGCGGACAT-1,4
GTAGTCCGTGTACTAA-1,8
GTAGTTGTTCATGTAG-1,7
GTATAACTTGTTGCGA-1,7
GTATAAGGCGTCTTCA-1,8
GTATACATAAGGACTA-1,5
GTATACATAGGTTGCC-1,8
GTATACATTGGCTCAG-1,9
GTATACGATACCTTGT-1,7
GTATACGGTACACGCA-1,12
GTATACGGTTAAGATA-1,7
GTATCTACAGATCTCC-1,4
GTATCTAGCTACCAGC-1,8
GTATCTATGAAGATGT-1,8
GTATCTCAGCCTTGGT-1,12
GTATCTGTCAACGGTG-1,5
GTATCTGTGGCGTCTA-1,7
GTATCTGTGGTCCAGC-1,10
GTATGACATAAGACGG-1,12
GTATGATAGTATGGAT-1,5
GTATGATCACTTGACG-1,12
GTATGCCTATCTTGCG-1,7
GTATGCCTTACTCCAC-1,11
GTATGCTTGCGACTAA-1,7
GTATGGTGCCGGCAGG-1,10
GTATGGTGGAGCGGCC-1,8
GTATGTAGCAGGCATA-1,5
GTATGTAGCTCACCTT-1,12
GTATGTAGGCTTAAGA-1,15
GTATGTGCAAGCCGGA-1,2
GTATGTTAGTTCTACC-1,5
GTATTAATGGTTGTGG-1,15
GTATTACGAGTCAATC-1,9
GTATTACGGCCATTAT-1,9
GTATTACGGTATTGAG-1,8
GTATTAGATTGAGGTC-1,12
GTATTAGGTTATCTGC-1,6
GTATTATGAGTTAGCG-1,2
GTATTCCAAGTTACCT-1,14
GTATTCCGCTCGGATG-1,7
GTATTCGTGACTTGAT-1,5
GTATTCTAAGTGCTGT-1,6
GTCAACAGACGCACGT-1,8
GTCAACAGCATAGATT-1,9
GTCAACAGCGCACCGA-1,5
GTCAACAGTTAAGTGA-1,7
GTCAACATAAGATAGA-1,10
GTCAACATGGTGCTAT-1,8
GTCAACCTGACGATAG-1,5
GTCACCAAGAGCGGTG-1,7
GTCACCTGAGATTGGA-1,7
GTCACTAAGAGGAATA-1,5
GTCACTAAGCCAGCGG-1,4
GTCACTACTCGCGGAG-1,3
GTCACTACTTAATGGA-1,4
GTCACTGAATCTCACC-1,4
GTCACTGTGATAACTC-1,11
GTCACTTATCCAAGAC-1,14
GTCACTTATGAATGCG-1,2
GTCACTTATGTCGTAT-1,9
GTCACTTCTGGAGCGG-1,13
GTCAGCCAACATCACG-1,6
GTCAGCCATTGTGCGG-1,15
GTCAGCCTAATTACGT-1,15
GTCAGCCTCCGAACCT-1,5
GTCAGCGATGTAATTG-1,14
GTCAGCGATTGATTCA-1,8
GTCAGCTAGATCGACA-1,11
GTCAGCTGGTGAGGCG-1,14
GTCAGGACAAGCCATG-1,15
GTCAGGATCAACCAAC-1,7
GTCAGGTGGCTCACCT-1,15
GTCAGTAATCCAATTA-1,5
GTCAGTAGGTGACCGG-1,14
GTCAGTGAGGATCGTT-1,14
GTCAGTGCAGCGTTGT-1,13
GTCAGTGCCAGAATAA-1,4
GTCAGTGCTGACAGCG-1,12
GTCAGTTCTGCCTGGA-1,14
GTCAGTTGGAACCACG-1,3
GTCAGTTGTCGTATGT-1,3
GTCATCACGTGGTTCA-1,2
GTCATCACTATTGTGC-1,14
GTCATCAGTAGACCAG-1,5
GTCCAGCACGTTCAGA-1,13
GTCCATCTATACAAGG-1,5
GTCCGACAGCCGCATT-1,14
GTCCGTCGGCATGCGT-1,10
GTCCTCCGGATTATAC-1,9
GTCCTGCTTACGGCTG-1,6
GTCCTTATACATTACG-1,7
GTCCTTCATCAGATCA-1,14
GTCCTTCATGGATTAG-1,7
GTCCTTCGGAACCTGC-1,8
GTCGAAGTCGTGTTCT-1,8
GTCGAGACCGTCCGTT-1,3
GTCGAGACTGCCTAAG-1,9
GTCGAGTGATTACTGT-1,9
GTCGCACGCAGCCTGC-1,5
GTCGCAGATTACTGCA-1,8
GTCGCAGTATTAGGAT-1,15
GTCGCATTACCAGGCA-1,1
GTCGCTAAGTGAGGTT-1,9
GTCGGCCGTTGTGAAT-1,8
GTCGGCCTCCGGCATC-1,7
GTCGGCCTCGGTTCAT-1,1
GTCGTAGACTGACAAG-1,9
GTCGTGTTCATGTCAG-1,4
GTCTAAGATCGGACTA-1,2
GTCTAAGCGGCACGCC-1,15
GTCTAATACGGCTAAG-1,14
GTCTAATCGAATTGGA-1,15
GTCTAGCGTTGTGACC-1,7
GTCTAGGACAGGATAA-1,9
GTCTAGTCTAGCGACG-1,4
GTCTATAGAATCGAGC-1,7
GTCTATCAATGGATTA-1,5
GTCTATCAGTACTAAT-1,14
GTCTATCCAGGACGTC-1,8
GTCTATGGTGAAGAGC-1,9
GTCTATGTTAATAGAA-1,5
GTCTATTAGTGAGGCC-1,5
GTCTATTGCGAGTTAC-1,4
GTCTCAATACTATGAG-1,10
GTCTCATGACTAGTTG-1,2
GTCTCGACTGACGAGT-1,5
GTCTGAACAAGGTTAG-1,8
GTCTGAAGGCCTTAAT-1,15
GTCTGATAGATTATAA-1,12
GTCTGATATCTGAATT-1,5
GTCTGCTCAACACCAA-1,9
GTCTGTGGATCTGACG-1,9
GTCTTCGATAGGTGTT-1,15
GTCTTCGGTAGCTACA-1,8
GTCTTGAACAATTACA-1,5
GTCTTGAAGATTCATG-1,7
GTCTTGACAATAGCAA-1,14
GTCTTGACCGGAGGCC-1,13
GTCTTGATTGCCACCT-1,5
GTCTTGCGATGAATGC-1,12
GTCTTGCGGCGATTCA-1,2
GTCTTGCTCAGATTAC-1,9
GTCTTGTATTGTAGAT-1,4
GTGAACATTCAACGAT-1,14
GTGAACGGTTCTAACG-1,6
GTGAACTCGTGGTATC-1,13
GTGAACTGAGTTCGGC-1,10
GTGAAGATGAGTGCCT-1,5
GTGAAGCCACAACCGG-1,10
GTGAAGTATTGGTCAC-1,13
GTGAAGTGATCGTGCT-1,4
GTGAATTAGACATTGC-1,15
GTGACAAGATGCTCAT-1,5
GTGACAATTGCGATAA-1,9
GTGACACCAAGTGAAT-1,10
GTGACAGCCTAGCCTC-1,15
GTGACATACAGGTCCT-1,12
GTGACATAGTTAGCTG-1,10
GTGACATATGCTAGAT-1,10
GTGACATGCAATTAAT-1,11
GTGACATGTACCACCT-1,4
GTGACCAGATCGAGAT-1,12
GTGACCGGAGTCATAC-1,12
GTGACCGTGGATTAGC-1,8
GTGACTATGGCATGGA-1,13
GTGACTGTCCTGGTAT-1,4
GTGACTTCCTCACGAC-1,9
GTGAGGTCACAGGCCA-1,10
GTGAGGTTGGACGGCG-1,12
GTGATCTACGAGATCC-1,12
GTGCAACGACGGTGTT-1,5
GTGCAACTACTGTACG-1,8
GTGCACCAATCATAAC-1,14
GTGCACCGAATGTTAA-1,7
GTGCACTTGTAAGCAC-1,5
GTGCACTTGTTCCTGG-1,10
GTGCAGAAGGTGCGAG-1,12
GTGCAGCCGGTCTGCA-1,6
GTGCAGGACTCCAAGG-1,5
GTGCAGGCACTCTAGG-1,14
GTGCAGTGGTAGATTC-1,10
GTGCAGTTGTGGCGCT-1,6
GTGCATGGTTGAGTTC-1,12
GTGCATTCCTGTGGTC-1,5
GTGCATTGCAATGTTG-1,8
GTGCCGCATCCTTCCT-1,9
GTGCCGTCCTGTCAGC-1,4
GTGCCTGACACGTTGG-1,14
GTGCGGCATGCTCATC-1,3
GTGCGTTCACGGATAA-1,15
GTGCTCAATGCAACCT-1,12
GTGCTCGACGTGAACT-1,15
GTGCTCGCTTGATCGG-1,7
GTGGAACAGAAGTCGA-1,4
GTGGACCAACTAGGAG-1,11
GTGGAGTACAATCAAT-1,13
GTGGCGACCTAATATT-1,15
GTGGCGACCTTGATTC-1,7
GTGGCGACTGATTAAC-1,7
GTGGCGAGGAAGGCTA-1,14
GTGGCGATAGGCAGAA-1,5
GTGGCGATCTGCGATA-1,7
GTGGCGCACCTGTTCC-1,14
GTGGCGCCACGCTGAG-1,11
GTGGCGCCACTACGCT-1,4
GTGGCGCCAGACTCGA-1,5
GTGGCGCCAGCTAACC-1,4
GTGGCGGACATTCTCG-1,15
GTGGCGGTCCGGATGA-1,3
GTGGCTGAATGCGAGT-1,6
GTGGCTTCCTACCGTT-1,12
GTGGTACTGGTTCCAA-1,13
GTGGTACTGTTGTAGC-1,7
GTGGTACTTGGTTGGA-1,5
GTGGTAGGTCTAAGAA-1,5
GTGGTCGCTCTGTAGC-1,4
GTGGTTACCTTGCGCA-1,9
GTGGTTGCCGCTTCAA-1,5
GTTAACAACTTCGGAT-1,5
GTTAACTCCGACCACT-1,5
GTTAATACATAATGCT-1,15
GTTAATACGACACGCC-1,10
GTTAATGGCGCAACGC-1,11
GTTAGACAATGGATGA-1,4
GTTAGAGGTGTTAAGA-1,7
GTTAGGAAGTATACGA-1,9
GTTAGGCCTGAACATC-1,10
GTTAGGTACTAACTGG-1,10
GTTAGGTCCACTGGCG-1,8
GTTATGATACGATTAT-1,4
GTTATGTTGCTTAGAT-1,5
GTTATTCGCCGATCGC-1,9
GTTATTCGGCCATTCG-1,12
GTTATTCGTAACGTCC-1,5
GTTATTGACCTCATTC-1,10
GTTATTGCTGAATCCG-1,9
GTTATTGGCATGTAGA-1,3
GTTATTGTCTATTCAT-1,10
GTTCATACCTTGGTTA-1,8
GTTCATCTTACATTCC-1,2
GTTCCAGTGCCTTACC-1,14
GTTCCATGAATCGCAT-1,3
GTTCCGAGTATGATCG-1,10
GTTCCGGCTGAGCCGA-1,12
GTTCCGGCTGCAGTCA-1,7
GTTCCGTAACTAATAC-1,15
GTTCCGTACCTCCACT-1,9
GTTCCGTCATACGGCT-1,9
GTTCCGTCTTATCTTA-1,7
GTTCCTGAACCTTCAA-1,5
GTTCCTTGAGGAACGC-1,2
GTTCGAATCACGTACG-1,7
GTTCGCTGGTATTAGA-1,9
GTTCGTAGGTAGTGAA-1,8
GTTCTACTATACGAAC-1,9
GTTCTACTTATGGTAG-1,13
GTTCTGGACACGCAAC-1,15
GTTCTTACTGAAGTAT-1,8
GTTCTTGATCTGTTGA-1,7
GTTGAACCAGGATCGC-1,11
GTTGAACTACCGTTCA-1,13
GTTGAAGGAAGTCGGC-1,12
GTTGAATAAGTCAGCA-1,5
GTTGAATCAACCTGGC-1,12
GTTGAATGGTACAGTA-1,4
GTTGAATGTCCTTCTG-1,8
GTTGAATGTTGCTGCC-1,14
GTTGAATTATTCGGTG-1,7
GTTGAATTCATAAGAT-1,7
GTTGACATGAACCAAC-1,5
GTTGACGAACCAGAAC-1,14
GTTGACGGATAGCCAT-1,12
GTTGACGTCAGATTAG-1,7
GTTGACTACAACATAC-1,7
GTTGACTAGAGCACGT-1,5
GTTGACTTCTATGCTG-1,7
GTTGAGAATCACGGAG-1,11
GTTGAGCTTCGTCCGG-1,8
GTTGCAGCCGGCTTGG-1,11
GTTGCCACAAGTCATA-1,9
GTTGCCACGACAAGAA-1,7
GTTGCCATCTACGCAC-1,10
GTTGCCGGTGGAAGTA-1,11
GTTGCTACGTCTTAAT-1,9
GTTGCTAGATCGTTGA-1,10
GTTGCTAGTCCATACC-1,11
GTTGCTCCTGAGATTC-1,12
GTTGCTGACTCATTCG-1,10
GTTGGCGTGAGCGACC-1,14
GTTGGTCCGCCAATCT-1,14
GTTGTCCTGTGATGTA-1,4
GTTGTCCTTGAGCGGT-1,3
GTTGTCGAACCATGTT-1,13
GTTGTCGTAATATGGA-1,15
GTTGTCGTGGCATTAC-1,10
TAACAGCAGGCCTTAC-1,12
TAACAGGAACCGACAA-1,5
TAACAGGTCCATACCA-1,2
TAACAGTCTACTATGG-1,10
TAACAGTTCCACTTCG-1,10
TAACATGCGTGCGAAC-1,4
TAACATGGCCACCTCC-1,14
TAACCAAGGTGCTCTA-1,10
TAACCAGATACGCTTC-1,11
TAACCGGATGGACAGG-1,7
TAACCGTACTTCTAAC-1,15
TAACCTTGAGACTTCG-1,12
TAACGAATCCTAGATA-1,14
TAACGACCTTGCCTAT-1,4
TAACGACTGGCCGTCG-1,13
TAACGAGCCGAAGGTC-1,2
TAACGAGCGTCTGGCC-1,13
TAACGAGCTATCCGTC-1,11
TAACGAGTTGCCAACC-1,14
TAACGCATTGGTCCAA-1,14
TAACGCCGAGTACACG-1,10
TAACGCGGCTATAGGT-1,7
TAACGCGTAATATGGC-1,2
TAACGCGTCCTACAAC-1,8
TAACGCTAGTACGCAG-1,10
TAACGCTCACATTCTA-1,12
TAACGCTCATACGGCA-1,7
TAACGCTTATGCCATA-1,4
TAACGCTTCGGCACTT-1,6
TAACGTCACTATAATC-1,5
TAACGTGATTCACTAG-1,14
TAACGTGCCATAGTTA-1,8
TAACGTTGCGTCGATG-1,12
TAACTCCAACATGGAC-1,12
TAACTCCAGGTAGGCT-1,11
TAACTCCGATACGTAA-1,12
TAACTTAACCTCGGTG-1,7
TAACTTGCACGGCGGA-1,4
TAAGAACAGGTGTAAC-1,7
TAAGAATATGAGATAG-1,9
TAAGACCGAGTGAACA-1,8
TAAGACCTCAAGTGCC-1,11
TAAGATTGAGATTACA-1,5
TAAGATTGCAAGTTCT-1,15
TAAGATTGCTCACTTC-1,8
TAAGATTGGCGGTCGT-1,10
TAAGCAAGTAATGTGG-1,7
TAAGCACGAGACCTAC-1,14
TAAGCAGTAGATACTC-1,14
TAAGCCACAATTGCCT-1,10
TAAGCCATACGACACG-1,12
TAAGCCTGGCTTCAGT-1,12
TAAGCCTGTAGCGTCC-1,4
TAAGCTCCTTCACGCC-1,12
TAAGGACGCCTGGTTG-1,5
TAAGGATCTGAAGATA-1,4
TAAGGTACGGATAGTG-1,9
TAAGGTATGAATGCTA-1,4
TAAGGTCCGTGACCGT-1,5
TAAGTGGCCGCTCACC-1,2
TAAGTGTCAAGGTGGC-1,12
TAATACCATTCTAGAT-1,14
TAATACCGTTAATTGC-1,2
TAATAGCGCTGTACTC-1,2
TAATAGGCTTGCTGAA-1,13
TAATCGACATTGTTGG-1,7
TAATCGCAATGTAATA-1,9
TAATCTGATAAGATGT-1,12
TAATGACGAAGCGGCT-1,6
TAATGATCCGGTTATT-1,9
TAATGATCTACTAACC-1,14
TAATGGCAGATGTCGG-1,15
TAATGTGCACGATCTG-1,14
TAATTAAGGAGTACTG-1,12
TAATTACCGGTGCGAG-1,8
TAATTAGCTCGATTGT-1,8
TAATTCCTGCAGAAGG-1,9
TAATTGACGTCGTTCC-1,8
TAATTGATTCTGTCGC-1,7
TACAACGGACGGCTCA-1,12
TACAAGCAGATCGTTG-1,14
TACAAGCGCCTCTACA-1,4
TACAAGCGGAAGTACG-1,14
TACAAGGTCGACAAGT-1,8
TACAAGTCCACGGTGA-1,15
TACAAGTCGAATGCAA-1,15
TACAAGTGGTCTGAGG-1,7
TACAAGTGTCTGTCCG-1,7
TACAAGTTATACGCTG-1,13
TACACCTCGTACTCCA-1,8
TACACCTTGCGGCAGG-1,9
TACACGAACAGCTACT-1,13
TACACTCAGCGTATAA-1,13
TACACTCAGTAGAATG-1,10
TACACTGAATAGCAGA-1,12
TACACTGCAGGTTAGA-1,4
TACACTGCGTCCGGAC-1,14
TACACTGTAGTCAACG-1,7
TACACTGTCGAACCAA-1,2
TACACTTAGTCGTGGT-1,7
TACACTTCGAGGTGAC-1,10
TACACTTCGCACCGAT-1,6
TACAGTACTTAGTGTA-1,8
TACAGTCTCGGCACGG-1,6
TACATAGCAGACCAAG-1,10
TACATATGCACCAGTG-1,7
TACATCGGACAACTGG-1,14
TACATCGTCAGCGGTT-1,14
TACATCTAACATGTCC-1,14
TACATTGAATGAACGT-1,7
TACATTGACTGAGTCC-1,13
TACCACAGGCCATTGC-1,7
TACCAGACAACCTCAG-1,7
TACCATCTCGGCCGAA-1,8
TACCATGGCGCCTTGT-1,11
TACCATTGATCATTAG-1,13
TACCATTGGTCTCCAA-1,10
TACCGGACCGTTAGGT-1,8
TACCGTAGGTATAACA-1,2
TACCTCAGGCAACAGA-1,5
TACCTGATCGATCTCG-1,7
TACCTGCGGTTGTCCT-1,5
TACCTGTTAACGGCCT-1,5
TACCTGTTCGGTAACT-1,11
TACGACCGAGCGCAAC-1,5
TACGACGCGATTCAAG-1,14
TACGACGTCTCATATT-1,8
TACGACGTGAAGTATC-1,8
TACGACTACCTTCCTC-1,15
TACGACTAGCCTTACC-1,11
TACGACTCTGAACACT-1,4
TACGACTGATAATCGC-1,7
TACGAGATTGGTCTGT-1,7
TACGCCAGCACCGGAA-1,3
TACGCCGGAGTTCTGA-1,4
TACGCCTTGCCGTGTT-1,10
TACGCTCCGGTTGGTA-1,5
TACGCTCCTTGAGCAA-1,15
TACGCTTCCGCAAGCT-1,7
TACGGAACAGACGCGG-1,7
TACGGAATACTCGTTC-1,2
TACGGAATTGAACCAA-1,14
TACGGACACCTCCATA-1,15
TACGGAGGAAGCACCT-1,14
TACGGAGTCAACGAAG-1,12
TACGGATCAGCCATCC-1,2
TACGGATCCTTGCGAT-1,7
TACGGCCTTGTAGGAG-1,5
TACGGTAGTTGCGTGA-1,4
TACGGTGAGCCGATGT-1,5
TACGGTTAATGTACTA-1,4
TACGTACACCTTAAGC-1,8
TACGTATCCTATCACG-1,12
TACGTATCGAGGTTGT-1,14
TACGTGACGGATCCAC-1,12
TACGTGATGGTAGGAT-1,7
TACGTGGAGGCATGGC-1,5
TACGTGGCATCATATG-1,13
TACGTGTACATCCGTG-1,13
TACGTGTTGCCACTGA-1,15
TACGTTACTGGTAGCG-1,10
TACGTTATCCAGACGC-1,13
TACGTTCCACGCTCGT-1,5
TACGTTCTACCGCCAT-1,3
TACTAAGGAACATCAA-1,11
TACTAGACTAGTGACA-1,15
TACTAGGATCAATGGC-1,12
TACTAGTACACCTAAG-1,12
TACTAGTACCGGATGG-1,7
TACTAGTGAGACAATG-1,15
TACTATGTTGAATCTT-1,9
TACTCACTACTCACTC-1,14
TACTCCGAAGTAGAAT-1,2
TACTCCGCCAATACAA-1,8
TACTCCTACATCAACT-1,14
TACTCCTGAAGGATTA-1,9
TAGAACGATTGCCTCC-1,15
TAGAATTCAACGTGGC-1,5
TAGACACCGGCGTCAA-1,14
TAGACAGGAGATCATT-1,9
TAGACAGGATGCAATA-1,15
TAGACATACGTCTAAT-1,2
TAGACATATGGCGAGG-1,11
TAGACATGGTTAGGTC-1,10
TAGACCAGGTACGATC-1,13
TAGACCATCGATTGAG-1,6
TAGACCATTGCTTAGA-1,2
TAGACCGAAGCAGAGC-1,7
TAGACCGCGGAAGGAC-1,14
TAGACCGGCCAGTACG-1,14
TAGACCTGAGGAGCTG-1,14
TAGACTAATATGGCGA-1,10
TAGAGCAGACAGTCCA-1,9
TAGAGGCGATTGATTC-1,5
TAGATGAGCCGTCATT-1,8
TAGATGAGGACGCTTA-1,10
TAGATGCGTGCCAGCG-1,8
TAGATGCTGTATCGTA-1,10
TAGATGGCTGTATGCC-1,14
TAGATGGTTCCTGATG-1,10
TAGATGTCACGGTCGA-1,15
TAGCAATTATGGACCG-1,9
TAGCAGTCGTCATGAA-1,2
TAGCAGTGATTCTGTC-1,6
TAGCCGCAATACCTGC-1,10
TAGCCGCTGTGGCTGG-1,10
TAGCGGACCACTGTTA-1,12
TAGCGTACCTTGACAT-1,8
TAGCGTACGGAGCGCC-1,15
TAGCGTATAGCGCTAA-1,12
TAGCGTCACGACAGGC-1,9
TAGCGTCTCAAGGTGG-1,7
TAGCGTCTCGGTCTAT-1,15
TAGCGTGGCGCAAGCC-1,15
TAGCTACCATACTGCT-1,12
TAGCTACCTGTAGGAT-1,15
TAGCTAGAAGCGATCA-1,14
TAGCTAGACACTGGTT-1,7
TAGCTAGAGCACGCCG-1,4
TAGCTAGAGGCCTGAA-1,12
TAGCTATGTTGAGCAC-1,5
TAGCTCGAATCGTCCG-1,4
TAGCTTAACTAGGTTC-1,15
TAGCTTAAGCTGGCGT-1,14
TAGGACATCAGCATGG-1,8
TAGGACCAATTGCCAA-1,10
TAGGACGGCCAGCCGA-1,8
TAGGACTTCATGTTAT-1,7
TAGGAGGCGTATTGCC-1,7
TAGGATGCACCGTTCA-1,5
TAGGCATCGGAGCCTC-1,10
TAGGCATCTGCGGACC-1,2
TAGGCGAGCGATCGGT-1,7
TAGGCGCATATCTAAC-1,5
TAGGCTCCGGCATACA-1,9
TAGGCTTATCTAGCTC-1,9
TAGGTCCGTAGCCTAT-1,7
TAGGTCGCCGCAACTC-1,3
TAGGTCTACTCGTGAA-1,12
TAGGTCTGCCTCTGTA-1,10
TAGGTCTTGGCTCGTC-1,5
TAGTATAACCTCGACA-1,12
TAGTATCCAATTACGT-1,14
TAGTATTGCCGAGTTG-1,14
TAGTCACTGGATAGGC-1,7
TAGTGAACATGCAGAT-1,14
TAGTGAATGTTCAGTG-1,5
TAGTGACTCAATTGCT-1,5
TAGTGACTCGCTCCGC-1,5
TAGTGAGGACATGTTG-1,14
TAGTGAGGACGCGAAT-1,11
TAGTGAGGTATCGACC-1,9
TAGTGAGGTGCCATCA-1,11
TAGTGATGACTCCTGG-1,5
TAGTGCACTATTGTCA-1,14
TAGTGCAGTGCGGTAG-1,8
TAGTGCTGTAGCGTTG-1,14
TAGTGGTTGAACCAAT-1,9
TAGTTACATAGAAGAT-1,5
TAGTTCAAGGTCCACG-1,13
TAGTTCAATCGACCTC-1,6
TAGTTCCGATAGAATC-1,8
TAGTTCGAAGACATGC-1,15
TAGTTCGAATTAGCGG-1,12
TAGTTCGAGTAGGAAG-1,2
TAGTTCGATCCTCACG-1,7
TAGTTCGTTGCTAATT-1,10
TAGTTGAGCCAGCCAG-1,9
TAGTTGAGTTCTGCAC-1,9
TAGTTGGCTTAGGCCT-1,9
TATCAACGAATATGAG-1,7
TATCAAGGCCGCGTGG-1,4
TATCAAGGCTCGTCGG-1,8
TATCAATGCCGCTCAC-1,14
TATCACATAGCGAACT-1,4
TATCACCGGCATCGTG-1,8
TATCACTTCGAGCCGT-1,2
TATCATGGATGTTGCC-1,5
TATCCAAGCGCCGTAG-1,4
TATCCAATACCGCAAT-1,7
TATCCACTTGCGTATC-1,5
TATCCGATCTTGGCGG-1,10
TATCCGTAAGCCAGCG-1,13
TATCCTGCGGTTGATC-1,14
TATCCTGGCCGGCATA-1,8
TATCTAATCACCTCGG-1,12
TATCTAGGAGTGGACA-1,10
TATCTAGTCGCATGCA-1,7
TATGAACTACGCGGTG-1,8
TATGAAGCGACCGTCC-1,12
TATGACAATGCTTGAA-1,5
TATGACAGCGAGAAGC-1,5
TATGACCGATGAAGTG-1,6
TATGACGCCTTCCGTG-1,10
TATGACGCGTATGTCG-1,5
TATGACGGAGATTGGC-1,14
TATGACTCAATGATCG-1,14
TATGAGCCGCAATCCG-1,11
TATGAGCGATCCATTA-1,2
TATGAGGATCTACTGG-1,14
TATGAGTTCCGAGTGA-1,9
TATGCCACAGCCGGTG-1,7
TATGCTCCTGGTTAGT-1,15
TATGGCAGTTCGTCTA-1,2
TATGGCCATAATAGAC-1,12
TATGGCCGGCGACACT-1,2
TATGGCCTCACGTACA-1,8
TATGTAGAGCTGATCA-1,9
TATGTCATAAGCGTCG-1,4
TATGTCGAGGTTGAAG-1,14
TATGTCTAAGACGCAA-1,13
TATGTTAGGCCGAACC-1,10
TATGTTGCAGTCTAGG-1,5
TATGTTGGAGTTGTAA-1,5
TATGTTGGCGAGAACA-1,9
TATGTTGGTAGGTCGT-1,4
TATGTTGGTCCAGTGA-1,2
TATTAACTTCCGCTCA-1,5
TATTAAGCAGCGCCGG-1,7
TATTAATATGTCGACT-1,8
TATTCCGGTTGTTAAT-1,8
TATTCGACAACCGTGA-1,4
TATTCGATGATCTAGT-1,10
TATTCGGTGGAGATTC-1,12
TATTCGTCTGCGGTGG-1,7
TATTCGTTAACAGGCA-1,12
TATTCGTTATCGCCTG-1,9
TATTCTAAGGCTCATC-1,12
TATTCTAGAATCGGAC-1,7
TATTCTCAGCGGCTGG-1,12
TATTCTCCTATGATGG-1,2
TATTGAATCCGACTAA-1,2
TATTGAGCATGGACCG-1,11
TATTGATCGTGATCTT-1,4
TATTGATCTACTTCGG-1,1
TATTGTTAACCGAGAC-1,12
TCAACAATGGAGGCCT-1,2
TCAACACCAATCATTA-1,8
TCAACAGGCCATGCCG-1,10
TCAACATGGATACAAC-1,7
TCAACCGGAGACCTCG-1,8
TCAACGTCTTCGGTCC-1,3
TCAAGGAACCTATTGC-1,5
TCAAGGCAACGCGGCT-1,14
TCAAGGCCATAGCCTG-1,7
TCAAGGCGTCTACTCC-1,7
TCAAGGTACACGAAGA-1,14
TCAAGGTATCAACTTA-1,2
TCAAGGTCTGAATATG-1,12
TCAAGTGATGGTTAAT-1,1
TCAATATTCCGGTTAG-1,7
TCAATCAGATGACGTG-1,13
TCAATTAATAGAACCT-1,4
TCAATTATACCAGAAC-1,15
TCACAAGACTTAGCTT-1,9
TCACAAGATGACTCGA-1,4
TCACAAGCTCGAGGCA-1,5
TCACAAGGAGAACAAG-1,4
TCACAGCACCAAGGTT-1,5
TCACATAAGCGTTGCC-1,6
TCACATAGACCTCCGT-1,5
TCACATCCTGTCGCGG-1,12
TCACATCCTTATACAG-1,7
TCACATCCTTCTCAGT-1,14
TCACATGGATAACTGT-1,11
TCACATTGTCGGTGAC-1,2
TCACCATAGATTGTTA-1,8
TCACCGTTGCTAATGG-1,2
TCACGACATCAGAAGG-1,14
TCACGATACCTAGCCA-1,4
TCACGCTATCCACTAC-1,4
TCACTACGACTCTGCG-1,12
TCACTCCGCTCACTGG-1,8
TCAGAATCCTACGGTG-1,7
TCAGAATCGATATCAT-1,2
TCAGAATCTAATAGTC-1,6
TCAGACCGGCCTGCTC-1,8
TCAGATTACCAGGTTA-1,6
TCAGCGCCTAGTCTTA-1,9
TCAGCGTGACCTTACC-1,5
TCAGCTACCAACTCCG-1,14
TCAGCTAGGATGTACT-1,14
TCAGCTATTAATCGCT-1,14
TCAGCTCGATGACTTC-1,10
TCAGCTCGCCAGGATG-1,2
TCAGGAATAGAACCTG-1,5
TCAGGAGCAACGGTCG-1,5
TCAGGATACACTACAA-1,14
TCAGTATGTAGGACAA-1,5
TCAGTCATTGCAAGTG-1,4
TCAGTCCAACGGAAGT-1,8
TCAGTCCGGCGATTGG-1,3
TCAGTCGAAGTATCTA-1,15
TCAGTCGCCAAGGTTG-1,2
TCAGTCGTCACTGAGC-1,7
TCAGTCGTGCCGGCAG-1,14
TCAGTGAAGAGTTCTA-1,1
TCAGTGCCAAGTAGCA-1,12
TCAGTGTAGGACGTCG-1,7
TCAGTTCAGAATCTCG-1,7
TCAGTTCTCCGGACCG-1,5
TCAGTTGACAGTGCCA-1,8
TCAGTTGCAGTTCTTA-1,3
TCAGTTGCTAAGCCTA-1,8
TCATAATTCGTGCAGA-1,13
TCATACTGGTGAACCG-1,9
TCATAGCTTCCAGTAC-1,2
TCATAGGTAGTGACGA-1,5
TCATAGGTATTGCGTG-1,8
TCATAGGTGAGTCGAC-1,9
TCATAGTACTAGTTCA-1,7
TCATCCACGTGGTCAC-1,6
TCATCCATGCCAAGCG-1,7
TCATCGCTGCGTATTG-1,13
TCATCGCTGTGCAACA-1,8
TCATCGGCCTGTGCGG-1,12
TCATCGGTCTCAGTTC-1,3
TCATCGTTATGTATCT-1,14
TCATCTATCCACGATT-1,8
TCATCTCATGATACGT-1,11
TCATCTCCAACCACCT-1,2
TCATCTCCAGCCGGTG-1,5
TCATCTGCCGCTATTC-1,4
TCATCTTCCACGTATG-1,5
TCATCTTCGACACCGT-1,8
TCATGAGGCTTGACGC-1,5
TCATGAGGTTGATATG-1,4
TCATGAGTAAGACATC-1,12
TCATGATTCACTCAGT-1,12
TCATGATTCTGATACT-1,7
TCATGCAGCGCCTTCG-1,10
TCATGGTTCCGAACTT-1,1
TCATTCACGCGAGCTC-1,7
TCATTCACTGTAATGG-1,9
TCATTCTGATGGTGCG-1,11
TCATTGATAGACTTGC-1,5
TCATTGATAGGTGGAA-1,9
TCATTGCAAGTGCTCA-1,10
TCATTGGCGACCGACG-1,6
TCATTGTTCAATGCGT-1,14
TCCAACATGACCGGTC-1,12
TCCAACGAAGATGCTT-1,5
TCCAACGCGACGTTGG-1,11
TCCAACGTGGTTGTTC-1,8
TCCAACTAAGACTCCA-1,14
TCCAACTGAATAAGGT-1,14
TCCAACTGCCGCCATA-1,4
TCCAACTGGCTGAAGA-1,7
TCCAAGACCGCTTGAT-1,4
TCCAATAACGTGCTAG-1,1
TCCAATACTATCTGTT-1,14
TCCAATACTGGAGCGT-1,10
TCCAATCCAGATACAT-1,14
TCCAATCTAACACGCA-1,7
TCCAATTAGCAATCAA-1,7
TCCAATTGGTTACAGT-1,2
TCCACCAAGTGACGAA-1,8
TCCAGAGGCAAGAACT-1,3
TCCAGATCGGTCGAGT-1,15
TCCAGCTCTGCTATAG-1,3
TCCAGTACCGAGCGCA-1,7
TCCAGTACGTGCTATG-1,14
TCCAGTCAGTACATTA-1,7
TCCAGTGATGCGTATC-1,6
TCCAGTGATTGGTGCT-1,14
TCCAGTTGAAGTAGCA-1,10
TCCAGTTGTACCTGTC-1,12
TCCATAGCGACTCAGT-1,11
TCCATCGGCTAGACGA-1,4
TCCATGATGTGATCAA-1,5
TCCATGCGTCCACCAG-1,9
TCCATGCGTCGGTTAC-1,6
TCCATGTCGGACCGAC-1,14
TCCGAACATAGTCTGA-1,7
TCCGAACCTCAACCAT-1,2
TCCGAAGTGACAGGCT-1,13
TCCGAATACTCGCTGG-1,9
TCCGAATAGAAGCACC-1,9
TCCGAATCATGTTGTC-1,8
TCCGAATCGCAGGTTC-1,4
TCCGACCGCAAGTCCT-1,3
TCCGAGTACGACTTAG-1,2
TCCGATGCGTATCCGG-1,5
TCCGCCAACATTGCTC-1,8
TCCGCCAAGGTCCGTT-1,2
TCCGCCAGTGATTAAT-1,2
TCCGCCGGTCTATTCA-1,8
TCCGCCTTGTTCTGAT-1,2
TCCGGCTATGCTCAGT-1,2
TCCGGCTCTATGGACA-1,14
TCCGGTACGTGGCCTC-1,5
TCCGGTTCCGTTCTAG-1,4
TCCGTACTATCCTGCT-1,11
TCCGTCATAAGATGAC-1,14
TCCGTCCACTCGGAGC-1,12
TCCGTCGGTACAAGTT-1,8
TCCGTGTCTTACATAA-1,2
TCCGTGTTCTGTTCTG-1,7
TCCGTTGGAGCTCACT-1,14
TCCGTTGGTTCACTCG-1,3
TCCTAAGCTTAGGTTA-1,15
TCCTAATTGCGGCCTG-1,8
TCCTAATTGCTCAACG-1,12
TCCTACAAGCTCGAAC-1,4
TCCTACCGATCGTGGC-1,8
TCCTACGTAAGCCAGA-1,11
TCCTAGGTATCTGATG-1,14
TCCTATCCTCGAATCA-1,7
TCCTATCCTGTCAATA-1,15
TCCTATGAGGATTGTT-1,8
TCCTATTGACTGTTGA-1,6
TCCTCAAGCGAGGTCC-1,15
TCCTCAATGAGGAACG-1,12
TCCTCAATGCTAAGGC-1,15
TCCTCACGTGTAGACG-1,5
TCCTCAGTCGGATGCG-1,14
TCCTCATCGTGCTGGA-1,14
TCCTCATGGCACCGTT-1,8
TCCTGAAGCGTGCACT-1,5
TCCTGACACTTCACGG-1,10
TCCTGATAAGTGCCGT-1,14
TCCTGCCGTGTCTAAG-1,7
TCCTGGTGCGAGGCCT-1,7
TCCTGGTGGCAATAGC-1,2
TCCTTACTCGCAATGA-1,12
TCCTTCCAACCGCAAC-1,15
TCCTTGAACAGGACCA-1,6
TCCTTGGCTCAAGAGT-1,14
TCGAACAGGTTGCACG-1,5
TCGAATCTTGCGTTAC-1,7
TCGAATGGTTCCACGC-1,2
TCGAATTAGTTACTCC-1,8
TCGAATTGTACACTAT-1,14
TCGACCAATCCGGTTG-1,7
TCGACGAAGAGCAAGT-1,14
TCGACGAAGCAGCTCA-1,10
TCGACTCAGGTTAACC-1,13
TCGACTGCAATTCTCG-1,11
TCGACTTATTAATCCT-1,11
TCGAGCTGGTTGCCGA-1,9
TCGAGTGGTAGGTCAC-1,4
TCGATAGGAGCTGCAG-1,10
TCGATATTAGACATAC-1,5
TCGATATTGTCCTAAC-1,7
TCGATCCAACGTCCTT-1,11
TCGATCCAGTCTGTAG-1,2
TCGATCGCACCTAATC-1,9
TCGATCGTATAACGAC-1,15
TCGATCGTGAGGCGCC-1,7
TCGATCGTTGTCTGAA-1,15
TCGATCTAATGTTAGT-1,8
TCGATCTAGCCGATTC-1,8
TCGCAATAGTGACGCA-1,7
TCGCAATGATAGTTCA-1,7
TCGCACGATTCGGTGG-1,10
TCGCACTCTTGGACAG-1,7
TCGCACTGCTGTGCTC-1,8
TCGCACTGTACGGCGA-1,2
TCGCACTTACTGAAGT-1,8
TCGCACTTCAGTGACA-1,13
TCGCACTTGGTCCGTC-1,8
TCGCCAGGCATGCCTC-1,10
TCGCCGGAAGGCAGGA-1,11
TCGCCGTATCATGCTT-1,4
TCGCCGTTGTTACAAG-1,5
TCGCCTAATGACCGGT-1,13
TCGCCTAGATAATTAA-1,5
TCGCCTATCGACTCCT-1,2
TCGCCTGACGGCCACT-1,2
TCGCCTGCGTGCGTGG-1,6
TCGCCTGCTATCAGTC-1,7
TCGCCTGGTGGATTCT-1,10
TCGCGACGTGGTAAGT-1,1
TCGCGGAAGCACCACG-1,3
TCGCGGAGTACAACCA-1,5
TCGCGGAGTTAGACTT-1,12
TCGCGGTCCGGATCAG-1,13
TCGCGTTACGCAGAAT-1,11
TCGCTTACTCGCAAGT-1,7
TCGGAACGTCTGCAAG-1,7
TCGGAATCAGCCTAAC-1,15
TCGGACATTCTATGAG-1,8
TCGGACCAACCATACA-1,3
TCGGACCAGATTCAAT-1,13
TCGGACCAGGATCGCC-1,9
TCGGACGTTGCCTCAG-1,9
TCGGACTGCCACCTCC-1,12
TCGGAGCGTTACCTCG-1,7
TCGGAGCTGAGTCGGA-1,15
TCGGAGGCTGTAGTTG-1,13
TCGGAGTGGTACTTGC-1,8
TCGGAGTTGTCTTGTT-1,5
TCGGCACTGGCGCCGA-1,8
TCGGCGCAGAATGTCT-1,4
TCGGCGCAGATAGATA-1,14
TCGGCGCTATCACGTG-1,10
TCGGCGGAACATACGC-1,7
TCGGTAATTACGTGGA-1,4
TCGGTAGGCATCACGC-1,4
TCGGTATCGTAATTGG-1,8
TCGGTATCTAGTATAC-1,13
TCGGTGATCGCCGGCC-1,8
TCGGTGTCAACAGGCA-1,10
TCGGTGTCTAACCAAG-1,14
TCGTAAGGCGTTCAGG-1,10
TCGTATACAAGACGAG-1,5
TCGTATAGGAGCCTAT-1,14
TCGTATCAACAGCACC-1,15
TCGTATCACGTTATGA-1,5
TCGTATGCCGGACGTT-1,4
TCGTATGTCGTGCCTA-1,6
TCGTATGTGGCCATTA-1,15
TCGTATTAGATCCGGT-1,13
TCGTATTCTGAGTGGC-1,12
TCGTCAAGCCTAATCT-1,7
TCGTCAAGTCCAGGTT-1,11
TCGTCACGATGTTCGA-1,8
TCGTCAGAACAGCCAG-1,6
TCGTCATCGTACCAAT-1,13
TCGTCCAGCATGGCTT-1,5
TCGTGCCTCGGTAGTT-1,14
TCGTTAGCCAGGCCAG-1,6
TCTAACAAGCCAATCC-1,5
TCTAACTCTATGTTCT-1,7
TCTACAACTGGAACTT-1,9
TCTACACTAATTACTC-1,12
TCTACACTCCGGCTCC-1,12
TCTACACTGAGCTTCT-1,7
TCTACAGCACCGAACC-1,13
TCTACAGCACGTCCGA-1,5
TCTACAGCTGAATCAA-1,12
TCTACAGGTACGCAGT-1,12
TCTACATAGACGTGAG-1,15
TCTACATGAACTATAC-1,4
TCTACATGAATCTGAT-1,5
TCTACATGTCCGACTT-1,4
TCTACATTCGATCGCC-1,7
TCTACATTGGAGTAAT-1,8
TCTACCGGTCAATAGC-1,5
TCTACTCCGACTCGGC-1,12
TCTACTCGTTCATCGC-1,15
TCTACTGTCTCAATGA-1,2
TCTACTTAACCGGCCT-1,15
TCTACTTAGGTTCTTA-1,14
TCTACTTAGTATTAGT-1,8
TCTACTTCACCGTGGA-1,5
TCTAGAACTTCTTGCA-1,8
TCTAGAATTGCGGTTG-1,9
TCTAGACGGTGGCTGA-1,15
TCTAGAGTCTCCACGC-1,7
TCTAGATAAGGTTAGC-1,4
TCTAGCAGCGGATCAG-1,7
TCTAGCGGAATGGATC-1,13
TCTAGCTCCGAGGACC-1,13
TCTAGCTTATTCGCCA-1,13
TCTAGGCGGAAGGCAC-1,2
TCTAGGCTTAAGACTG-1,10
TCTATGATCGGTGCCT-1,4
TCTATTCCTTCCGGAA-1,7
TCTATTCTGCATTGGC-1,5
TCTATTGATGCATGCC-1,15
TCTATTGGCTTCGATC-1,7
TCTGAGCGTAATTGTC-1,5
TCTGAGTCAGATCTTG-1,14
TCTGATCATAATGATT-1,13
TCTGCAAGGACGGCAA-1,12
TCTGCAATTCACAAGA-1,2
TCTGCCTGGATGTCAG-1,8
TCTGCGAGGTGCACGT-1,1
TCTGCGCTTGCAGATA-1,9
TCTGCGTGCTATTCTA-1,2
TCTGCGTGCTTCAGAC-1,4
TCTGGATATTAACCTA-1,2
TCTGGTAATCGTCCAA-1,7
TCTGGTATCTGTAGCC-1,12
TCTGGTCACTATCTGT-1,11
TCTGGTCCTCCACTGT-1,5
TCTGTACGCTGTCCTC-1,14
TCTGTCACCGTTAATA-1,9
TCTTACATTACTTCGC-1,5
TCTTACCATTCTAAGC-1,10
TCTTACCGCACTGAAT-1,13
TCTTACCGCTCGTATG-1,4
TCTTACCGGATCCGCT-1,8
TCTTACGAATCAGTGC-1,7
TCTTACGAGGAATAAG-1,5
TCTTACGAGGCCGACA-1,10
TCTTACGGCCGCAACA-1,5
TCTTACTCTGTATGCG-1,2
TCTTACTGAGACTAGT-1,14
TCTTAGATGCCTCCGA-1,14
TCTTAGGCCTGGCGTA-1,11
TCTTAGGCGACAGTCA-1,8
TCTTAGTCGCGGCAGA-1,14
TCTTAGTCGTCTCGGC-1,5
TCTTCGAACAGCGTTA-1,4
TCTTCGAATTGTATAC-1,8
TCTTCGCCATTCGAAT-1,5
TCTTGAGCGGCAACGC-1,13
TCTTGAGTCATTATAC-1,14
TCTTGAGTCTCCGAAT-1,12
TCTTGCACCAATCTAT-1,5
TCTTGCACGTATGGAC-1,15
TCTTGCACTATTCAGA-1,2
TCTTGCACTGGTGCTC-1,7
TCTTGCAGACTGCGAG-1,5
TCTTGCCACGTTCACT-1,7
TCTTGCCATCGTTGTA-1,5
TCTTGCCGGAGCCAGA-1,13
TCTTGCCGGCAGTCTA-1,2
TCTTGCTCCGTCGGCA-1,5
TCTTGTTACCGGTTAC-1,15
TCTTGTTATTCTTGAT-1,4
TGAACCAATGTTGAGC-1,15
TGAACGAATCTTAATT-1,11
TGAACGGACACGTATC-1,2
TGAACGGACATTGAGT-1,10
TGAACGGATCTGGTAC-1,14
TGAACTCAAGGTCGGT-1,8
TGAAGATACAATCTGC-1,6
TGAAGCACCGTCATGA-1,5
TGAAGTATGATCGTGC-1,14
TGAATACAGACTGCTC-1,15
TGAATATGGCCTGCCA-1,15
TGAATGCGGTTATGGA-1,14
TGAATGGTGCTTCGAT-1,14
TGAATGTACCTTCGTC-1,12
TGAATGTTGACATCGT-1,14
TGAATTATGCCGCAGT-1,5
TGAATTCGTGGTATAA-1,2
TGACAGTACTATTCTA-1,7
TGACATTACAACGCCG-1,14
TGACCAACAGATAGGT-1,7
TGACCAAGCTGCACAT-1,9
TGACCAATCAGCCACG-1,14
TGACCAGCACTCCAGC-1,4
TGACCAGGCTCATGCA-1,10
TGACCATCCATCTGCT-1,7
TGACCATGTACACTCA-1,6
TGACCTCACGCACGAG-1,7
TGACCTCACTCCTTAT-1,15
TGACCTCCTTCAGATT-1,5
TGACCTGTCTATCTCG-1,7
TGACGCTCACCAAGCC-1,10
TGACGCTCGCGGTAGT-1,4
TGACGCTGCAGCTCAT-1,8
TGACGCTGCGATAGTA-1,12
TGACGCTTACTAGACA-1,5
TGACGGAGCGCTATAC-1,9
TGACGGCAGCCAGACC-1,10
TGACTCCAAGTCTACC-1,4
TGACTCGGCCGACCGA-1,6
TGACTCGGTGTCATCG-1,10
TGACTCTGCTCGCACG-1,12
TGACTTAATGCGTTGG-1,8
TGACTTCGGCGTAACA-1,5
TGACTTGCACTCACGG-1,5
TGAGAACGAGTTCTGT-1,7
TGAGACAAGGACGACC-1,4
TGAGACAGAAGTGCTC-1,5
TGAGACCTGAGCCGAG-1,11
TGAGACGTGAACGGTC-1,11
TGAGACTATTGAATCT-1,12
TGAGATGCTCTAATGA-1,10
TGAGCACCTCGACGTT-1,7
TGAGCATAGTCTTATT-1,5
TGAGCCGCGTGATCAT-1,6
TGAGGAATCCATAGAA-1,6
TGAGGTAGGACTACTG-1,5
TGAGTAAGCGCAATCC-1,8
TGAGTACGCTGCTCAG-1,1
TGAGTATTCTAGGACT-1,9
TGAGTGACCTACTCGT-1,5
TGAGTGAGATCGCTAA-1,14
TGAGTGAGGCACGCCT-1,4
TGAGTTCGCTTGACCT-1,8
TGAGTTGTCCTCGCTT-1,14
TGAGTTGTTAGCACCG-1,7
TGATAAGCAGTAAGAA-1,4
TGATAGGAGCATCAAC-1,2
TGATCCGCACTCCTTA-1,8
TGATCGGACCTGGATG-1,4
TGATCTTGCCTATTGT-1,14
TGATGGAACTAACGAA-1,11
TGATGGATGATCACGG-1,8
TGATGGCCGGCATCGC-1,2
TGATGGCTAATCCATA-1,11
TGATGGCTGCGACGAT-1,5
TGATGGTTCCACTGAT-1,7
TGATTAGAATGACATA-1,2
TGATTCAACGACAAGG-1,15
TGATTCAAGATCGAGC-1,5
TGATTCGTCTGGATCT-1,5
TGCAACAGTGAAGCTC-1,14
TGCAACGTTACCTGGT-1,4
TGCACCGGTCACCTCC-1,9
TGCACGAATGTACTAA-1,14
TGCACGAGTAGAGTTA-1,7
TGCACGAGTGTCAGCC-1,4
TGCACGCTCCTATCCG-1,5
TGCACGGCTGAGACTT-1,8
TGCACGGCTGGTAAGG-1,9
TGCACGTAGTTCGAAG-1,4
TGCACGTGATTATCAA-1,9
TGCACTCCAGCTACTC-1,12
TGCAGAACTATCAACT-1,2
TGCAGAAGCAGTAGGC-1,5
TGCAGAATCGGAGGCT-1,10
TGCAGACAATACTGTT-1,5
TGCAGAGCCTTGCCGG-1,9
TGCAGAGGTCGTAATT-1,9
TGCAGATGAGATCTAG-1,8
TGCAGTACAACGAGTG-1,6
TGCAGTCGAGCACCAA-1,2
TGCAGTTATTCCACTC-1,5
TGCAGTTGTCGGAGCG-1,7
TGCATTAATGGCCACC-1,14
TGCATTCACGTGTACT-1,10
TGCATTCGCCAGCGAT-1,5
TGCATTCGCTACAATG-1,12
TGCATTCGTCTACAGG-1,11
TGCATTCTTACGGAGG-1,6
TGCATTGCTGTCGGCG-1,5
TGCCAATCCATGTCTA-1,14
TGCCACAATGCTACCG-1,5
TGCCACCTATTACATT-1,5
TGCCACTATCAGGCAG-1,7
TGCCACTCAACCGGCC-1,5
TGCCACTTAAGTGATG-1,8
TGCCAGACGAGTTAGG-1,15
TGCCAGCTATTGTAGA-1,4
TGCCAGGATGAGGTTC-1,14
TGCCAGTGATTCGTGC-1,2
TGCCAGTGCAGAGTAT-1,15
TGCCAGTTATGCAGCT-1,3
TGCCGAATCAAGCGTC-1,10
TGCCGACGATGAACTG-1,10
TGCCGAGTTAAGAACG-1,12
TGCCGGAACTTAGGCA-1,6
TGCCGGCATTATAGAT-1,4
TGCCTAAGTTAATTAT-1,5
TGCCTACGCAGGCTGC-1,9
TGCCTATCAATGCCAT-1,9
TGCCTATCGGCTATGT-1,5
TGCCTATGGACTGGTC-1,7
TGCCTTAGGCGTCTAT-1,9
TGCGAACATATCGGCT-1,12
TGCGAATTCTCCGCAC-1,2
TGCGACTACGTGCGAG-1,8
TGCGAGCCAGACGAAT-1,12
TGCGATCGGATTCACT-1,3
TGCGATCTTGCTCGAT-1,7
TGCGATGTGCCTTGGC-1,12
TGCGATTAGCTCCGCC-1,9
TGCGCAATTGATCATA-1,7
TGCGCCGAACGGACTC-1,4
TGCGCCGATCGCGAAG-1,7
TGCGCCTCTGGCTACA-1,12
TGCGCCTCTTCGGCGA-1,7
TGCGCTCATAGAACGA-1,4
TGCGGACATTCGCCGG-1,10
TGCGGACGATACGGAC-1,11
TGCGGACTCACGTGAT-1,14
TGCGGACTTAACTTCC-1,8
TGCGGACTTCTGTCGC-1,12
TGCGGAGGCTGGACCG-1,13
TGCGGATCATCCTAGA-1,10
TGCGGATCGGATCTTA-1,8
TGCGTATCTTGTACCG-1,4
TGCGTCCTAAGTTCCA-1,3
TGCGTCTGGATCGGAT-1,14
TGCGTGTCAGCCAGTG-1,5
TGCGTGTCGGCGGATA-1,14
TGCGTTAGCACGTACC-1,8
TGCGTTATGTTCCGGA-1,2
TGCGTTATTGTTGCGA-1,10
TGCGTTGTATTGCCTG-1,8
TGCTACATCACCGGAT-1,7
TGCTACTTGTGGCTGG-1,14
TGCTATCCATGTAATA-1,14
TGCTATCCTAAGACGA-1,15
TGCTATGGTTGCGACA-1,10
TGCTATTGCGGCGTGG-1,14
TGCTATTGGTAAGTTC-1,11
TGCTATTGTCAAGGAG-1,8
TGCTCAGATTGGTAGC-1,11
TGCTCCTAACGGAAGA-1,8
TGCTGTATTAGCGGTC-1,10
TGCTGTCAGAACGAAG-1,14
TGCTGTCTTGTTAATG-1,4
TGCTGTGAAGTCAAGA-1,6
TGCTGTTCTGTAGACC-1,10
TGCTGTTCTTGTCCAA-1,12
TGCTTACTCACCGGTC-1,12
TGCTTAGCTCCTGGCT-1,7
TGCTTAGTTGACTTAC-1,7
TGCTTATGACGCTGGC-1,4
TGCTTATGCGGTTCTG-1,10
TGGAAGACGTGAGTAG-1,14
TGGAAGACTAGTCTTG-1,11
TGGAAGCCATAACAGT-1,9
TGGAAGCTAGTAATAC-1,7
TGGAAGCTCCATCGAC-1,14
TGGAAGGTTCGCTTGC-1,11
TGGAAGTCCGCAGTCT-1,11
TGGAAGTCTGGACTAA-1,11
TGGACGCCTGCGACCG-1,2
TGGACTGACGTACCAC-1,9
TGGACTGAGTACCTAG-1,5
TGGACTTCGCGGAACT-1,7
TGGAGTCGGCAAGCTC-1,13
TGGAGTGAACGCGGTC-1,5
TGGAGTGATGGCTCTT-1,4
TGGAGTGCTCCTGATC-1,14
TGGAGTTGAGTCGACA-1,15
TGGAGTTGGTGAATCA-1,11
TGGATCATTGTAACGG-1,8
TGGATCCAGTCACTTC-1,2
TGGATCGGCCTCCATG-1,13
TGGATTAGTACATTGC-1,7
TGGCAAGCGACACTTA-1,6
TGGCATCGATCAATTG-1,9
TGGCATGCGTTCACGC-1,9
TGGCATGTTCGAACAG-1,14
TGGCCAACATTCTGAG-1,7
TGGCCAAGCGTACAAG-1,10
TGGCCACTCCGCGGAC-1,4
TGGCCAGAATCACTTG-1,15
TGGCCAGAGTATCTCC-1,12
TGGCCAGATCCGGACA-1,4
TGGCCGTCTATCAGGA-1,8
TGGCCTGACATACTCA-1,5
TGGCCTGGCACTGTGG-1,2
TGGCGAATTCTATGGT-1,13
TGGCGACACTGCCGGA-1,14
TGGCGACAGCACGGCC-1,7
TGGCGACATACGCTCA-1,11
TGGCGATGAGTGGCAG-1,13
TGGCTCACTCAATCAC-1,14
TGGCTCCGCATCAGAT-1,5
TGGCTGGAGTTATTGT-1,3
TGGTACAAGACACTGA-1,9
TGGTACAAGACCAATC-1,8
TGGTACCAATACTTAC-1,8
TGGTACCAGATTGTTA-1,10
TGGTACGGACGTAGTT-1,14
TGGTACGGTCGGCGAA-1,7
TGGTACGTGCTGTTGA-1,12
TGGTACTGACCGCTGC-1,9
TGGTACTGGTATCTTG-1,10
TGGTAGCATCAAGTCT-1,5
TGGTAGCCAGTTGACA-1,14
TGGTATGCAAGTCTAT-1,14
TGGTATTAGCTAGACC-1,8
TGGTATTCCTAGTCCA-1,2
TGGTATTGAGTTGTAA-1,2
TGGTCGCCGGCTTACT-1,5
TGGTCTCAGAATGCAC-1,10
TGGTCTGCTCAGGTTG-1,12
TGGTGCACGACCTTAG-1,14
TGGTGCAGACCGAAGT-1,2
TGGTGCAGTACCATGC-1,7
TGGTGCATTGTAATCC-1,6
TGGTGCCGCTGCAACA-1,14
TGGTGCCTAGCACGGC-1,4
TGGTGCCTTCCGCTAA-1,10
TGGTGCGAACGTGGCG-1,5
TGGTGCGAATCCTGCT-1,14
TGGTGCGAGGTCGTAT-1,14
TGGTGCTTCTAGGCAA-1,10
TGGTTGAACACGCCAA-1,2
TGGTTGCCTCCGGCTT-1,2
TGGTTGGATTGAGCTG-1,15
TGGTTGGCGAAGCCTT-1,9
TGGTTGGTATCGGCAT-1,13
TGTAAGATCTTCACAT-1,5
TGTAAGGTGAGCGACC-1,5
TGTAAGTGATCAGACC-1,8
TGTAATACTACACGGT-1,2
TGTAATAGCCGATTAT-1,9
TGTAATCATATGAGAC-1,8
TGTAATCGAGACTGGC-1,7
TGTAATGCCTAACACC-1,7
TGTAATTGTATCCTCG-1,12
TGTACCAACTACGCAT-1,12
TGTACCACATACTGGT-1,9
TGTACCTGCAGGAACA-1,13
TGTAGCCGTACATAAC-1,13
TGTAGGAGCTTCAATA-1,7
TGTAGGATCAGAGCGT-1,8
TGTAGGCACGTACCTC-1,12
TGTAGGCAGGTCTAGC-1,7
TGTAGGTCACTACATG-1,9
TGTAGGTCTGAACGCA-1,6
TGTAGGTTCTGGCTTA-1,7
TGTATCACGGTGGAAC-1,11
TGTATCGGCGGTCGCA-1,14
TGTATGATTGTAGGTG-1,7
TGTATGCAGGATTCAC-1,10
TGTATGCCTATCTTAT-1,7
TGTATGCTCGCCTAGT-1,11
TGTATGGAACTACGCA-1,7
TGTATGGTGCCAAGGT-1,8
TGTATGTCGAGGAAGC-1,11
TGTCAACTCATCAACG-1,7
TGTCAAGCGGATCGGT-1,4
TGTCACAGACGTATCC-1,1
TGTCACTAGCTCAGAC-1,13
TGTCAGAAGTTGTAAC-1,14
TGTCAGACGAAGCACC-1,8
TGTCAGTGGCTTCCAT-1,12
TGTCATCCAAGCTGCG-1,10
TGTCATGCATGAGCAC-1,9
TGTCATGTGACACGCT-1,14
TGTCCATGTATGGAAT-1,14
TGTCCGATAGTCACAG-1,13
TGTCCGGATGGCAGTT-1,5
TGTCGAGTGCGTTAGC-1,9
TGTCGATTCACGTAGT-1,5
TGTCGCGGAAGAGCTA-1,8
TGTCGTTCATACGATA-1,5
TGTCTACTAGATTGCC-1,8
TGTCTGGCTTGTCTGT-1,7
TGTCTGTAAGCGAACT-1,9
TGTCTTGCGACTAATT-1,14
TGTCTTGGAATTGGCA-1,5
TGTTAAGGAAGTCTTA-1,4
TGTTACCTATTGGACA-1,12
TGTTCACTCACGGTAA-1,10
TGTTCACTGTCTTCCT-1,14
TGTTCAGAACGGTGTA-1,8
TGTTCAGATAACGGTC-1,11
TGTTCAGCGAGGCAGT-1,8
TGTTCATAGTATGACG-1,8
TGTTCATTGGTCCAAG-1,4
TGTTCCTCACATTAAT-1,7
TGTTCGCAACCGCCAA-1,3
TGTTCGTGACCAGTAG-1,3
TGTTCTGCTCTGTCGT-1,8
TGTTGCGTCCAAGATT-1,12
TGTTGGAACCTTCCGC-1,5
TGTTGGAACGAGGTCA-1,5
TGTTGGAAGCTCGGTA-1,7
TGTTGGATGGACTTCT-1,10
TGTTGGCCAGACCTAC-1,2
TGTTGGCCTACACGTG-1,9
