key,ground_truth
AAACAAGTATCTCCCA-1,5
AAACACCAATAACTGC-1,6
AAACAGAGCGACTCCT-1,3
AAACAGCTTTCAGAAG-1,5
AAACAGGGTCTATATT-1,5
AAACATTTCCCGGATT-1,6
AAACCACTACACAGAT-1,3
AAACCCGAACGAAATC-1,4
AAACCGGAAATGTTAA-1,5
AAACCGGGTAGGTACC-1,6
AAACCGTTCGTCCAGG-1,6
AAACCTAAGCAGCCGG-1,7
AAACCTCATGAAGTTG-1,5
AAACGAAGAACATACC-1,3
AAACGACAGTCTTGCC-1,3
AAACGAGACGGTTGAT-1,4
AAACGCCCGAGATCGG-1,3
AAACGGGCGTACGGGT-1,6
AAACGGTTGCGAACTG-1,7
AAACGTGTTCGCCCTA-1,3
AAACTAACGTGGCGAC-1,3
AAACTCGGTTCGCAAT-1,7
AAACTCGTGATATAAG-1,3
AAACTGCTGGCTCCAA-1,6
AAACTTAATTGCACGC-1,6
AAACTTGCAAACGTAT-1,6
AAAGACATGAAGTTTA-1,3
AAAGACCCAAGTCGCG-1,3
AAAGACTGGGCGCTTT-1,5
AAAGCTTGCCTACATA-1,3
AAAGGCCCTATAATAC-1,6
AAAGGCTACGGACCAT-1,7
AAAGGCTCTCGCGCCG-1,7
AAAGGGATGTAGCAAG-1,3
AAAGGGCAGCTTGAAT-1,5
AAAGGTAAGCTGTACC-1,3
AAAGGTCAACGACATG-1,3
AAAGTAGCATTGCTCA-1,6
AAAGTCACTGATGTAA-1,3
AAAGTCGACCCTCAGT-1,5
AAAGTGTGATTTATCT-1,5
AAAGTTGACTCCCGTA-1,4
AAATAACCATACGGGA-1,3
AAATAAGGTAGTGCCC-1,3
AAATACCTATAAGCAT-1,6
AAATAGCTTAGACTTT-1,3
AAATAGGGTGCTATTG-1,6
AAATCCGATACACGCC-1,7
AAATCGTGTACCACAA-1,6
AAATCTAGCCCTGCTA-1,6
AAATGATTCGATCAGC-1,3
AAATGCTCGTTACGTT-1,3
AAATGGCATGTCTTGT-1,3
AAATGGCCCGTGCCCT-1,6
AAATGGTCAATGTGCC-1,5
AAATGTGGGTGCTCCT-1,3
AAATTAACGGGTAGCT-1,5
AAATTACACGACTCTG-1,3
AAATTACCTATCGATG-1,3
AAATTCCAGGTCCAAA-1,3
AAATTGATAGTCCTTT-1,6
AAATTGGTGAGAAGCA-1,3
AAATTTACCGAAATCC-1,3
AAATTTGCGGGTGTGG-1,6
AACAACTGGTAGTTGC-1,5
AACAATACATTGTCGA-1,7
AACAATTACTCTACGC-1,5
AACACACGCTCGCCGC-1,6
AACACGACTGTACTGA-1,3
AACACGAGACGCGGCC-1,6
AACACGCGGCCGCGAA-1,3
AACAGCTGTGTGGCAA-1,6
AACAGGAAATCGAATA-1,3
AACAGGATGGGCCGCG-1,5
AACAGGTAGTATGGAT-1,5
AACATATCAACTGGTG-1,3
AACATCGATACGTCTA-1,3
AACATTGAAGTTGATC-1,6
AACATTGTGACTCGAG-1,7
AACCAAGACTTCTCTG-1,5
AACCAGTATCACTCTT-1,3
AACCATAGGGTTGAAC-1,6
AACCATGGGATCGCTA-1,3
AACCCAGAGACGGAGA-1,3
AACCCATCCCATGATC-1,6
AACCCGACAACCCGTG-1,7
AACCCGAGCAGAATCG-1,6
AACCCGATAGGGCTTC-1,3
AACCCTACTGTCAATA-1,4
AACCCTGGTGGAACCA-1,3
AACCGAGCTTGGTCAT-1,3
AACCGCTAAGGGATGC-1,5
AACCGTTGTGTTTGCT-1,3
AACCTAAAGCCGTCCG-1,3
AACCTCGCTTTAGCCC-1,7
AACCTGTCACGGAATT-1,3
AACCTTTAAATACGGT-1,6
AACCTTTACGACGTCT-1,3
AACGAAAGTCGTCCCA-1,6
AACGATAATGCCGTAG-1,6
AACGATAGAAGGGCCG-1,3
AACGATATGTCAACTG-1,3
AACGCATGATCTGGGT-1,3
AACGCGAACGGCAACA-1,3
AACGCGACCTTGGGCG-1,7
AACGCGGTCTCCAGCC-1,3
AACGCTGTTGCTGAAA-1,6
AACGGACGTACGTATA-1,6
AACGGCCATCTCCGGT-1,6
AACGTACTGTGGGTAC-1,6
AACGTCAGACTAGTGG-1,5
AACGTGATGAAGGACA-1,3
AACGTGCGAAAGTCTC-1,5
AACGTTATCAGCACCT-1,3
AACTACCCGTTTGTCA-1,4
AACTAGCGTATCGCAC-1,3
AACTAGGCTTGGGTGT-1,7
AACTCAAGTTAATTGC-1,5
AACTCCAGAGCGTGTT-1,6
AACTCCTAATCCCATG-1,3
AACTCGATGGCGCAGT-1,3
AACTCTCAATAGAGCG-1,3
AACTCTCAGTGTGCTC-1,6
AACTGAGGTCAGCGTC-1,3
AACTGATATTAGGCCT-1,3
AACTGGGTCCCGACGT-1,3
AACTGGGTTCGAGCCG-1,3
AACTGGTGTGGGCCTT-1,3
AACTTCTGCGTCTATC-1,3
AACTTGCCCGTATGCA-1,5
AACTTGCGTTCTCGCG-1,3
AACTTTACGGGAGCTT-1,4
AACTTTAGCTGCTGAG-1,3
AACTTTCTCGATCATG-1,3
AAGAAATCACCAGATT-1,3
AAGAAGGATCAGTTAG-1,3
AAGACCCAACTGAACA-1,7
AAGACTCACGCCCACT-1,3
AAGACTGCAAGCTACT-1,5
AAGAGATGAATCGGTA-1,5
AAGAGCTCTTTATCGG-1,4
AAGAGGATGTACGCGA-1,5
AAGAGGCATGGATCGC-1,4
AAGAGGCCCTTTGGAA-1,6
AAGATGGCACCGGACC-1,7
AAGATTGGCGGAACGT-1,3
AAGCACCCTGCGTATC-1,7
AAGCATACTCTCCTGA-1,6
AAGCCGAAGCGGTTTA-1,5
AAGCCGCCGTGAAATC-1,6
AAGCCGCTTTACCTTG-1,3
AAGCGCAGGGCTTTGA-1,7
AAGCGGAGTGCGCGCA-1,3
AAGCGGCGTCATGGGT-1,3
AAGCGTCCCTCATCGA-1,6
AAGCTAGATCGAGTAA-1,6
AAGCTCGTGCCAAGTC-1,5
AAGCTCTTTCATGGTG-1,6
AAGGAGAACTTATAAG-1,3
AAGGAGCGGTTGGTGC-1,5
AAGGATCGATCGCTTG-1,3
AAGGATGAGGGACCTC-1,3
AAGGCAGGCTGTCTCC-1,3
AAGGCGCGTAAAGCTT-1,5
AAGGCTGTGCTCATCG-1,5
AAGGGAACGACTGGCT-1,6
AAGGGACAGATTCTGT-1,3
AAGGGACTATGCATTC-1,6
AAGGTATCCTAATATA-1,3
AAGGTGATAAACCAGC-1,5
AAGTAGAAGACCGGGT-1,3
AAGTAGTGACGCGAGG-1,5
AAGTCAATTGTCGTCA-1,5
AAGTCTAGTAGCTGCC-1,3
AAGTGACGACCGAATT-1,5
AAGTGAGTCGGGTTTA-1,7
AAGTGCAAAGGTAGAC-1,4
AAGTGCCTTGACTGTA-1,4
AAGTGCGTTAGAATCT-1,6
AAGTGCTTCTCTATTG-1,7
AAGTGTTTGGAGACGG-1,6
AAGTTCACTCCAAGCT-1,6
AAGTTCAGTCTGCGTA-1,3
AAGTTCGGCCAACAGG-1,6
AAGTTGTGATGTTATA-1,6
AAGTTTACTAATGGCA-1,3
AAGTTTATGGGCCCAA-1,7
AATAACAACGCTCGGC-1,5
AATAACACTAGAACAA-1,6
AATAAGTCCTCGAGAC-1,3
AATAATCTTCGTATCG-1,5
AATACAATGTTTCAGG-1,4
AATACCGGAGGGCTGT-1,7
AATAGAACAGAGTGGC-1,6
AATAGAATCTGTTTCA-1,6
AATAGCAAGCCTCCTG-1,3
AATAGCTACCGCGTGC-1,3
AATAGTCCGTCCCGAC-1,7
AATAGTCGCGAGTCGG-1,3
AATATCAAGGTCGGAT-1,3
AATATCGAATCAATGC-1,5
AATATCGAGGGTTCTC-1,3
AATATTGGAGTATTGA-1,5
AATCAGGTTTCATTTA-1,7
AATCATGTAAAGACTC-1,6
AATCCAAGGGCCTGAG-1,3
AATCCATGCAAGGGTG-1,3
AATCGCCTCAGCGCCA-1,5
AATCGCGCAGAGGACT-1,3
AATCGGGACACTACGA-1,3
AATCGTGAGCCGAGCA-1,7
AATCTAGGTTTACTTG-1,6
AATCTATGCCGGAGCC-1,3
AATCTCTACTGTGGTT-1,5
AATCTGCGTTGGGACG-1,3
AATCTGGCTTTCTAGT-1,6
AATCTGGGTAGACCCT-1,3
AATGACAGCAATGTCT-1,6
AATGACGTAGGATGTC-1,5
AATGACTGTCAGCCGG-1,4
AATGAGTTCGCATATG-1,3
AATGATGATACGCTAT-1,3
AATGATGCGACTCCTG-1,3
AATGCAACCGGGTACC-1,4
AATGCACCAAGCAATG-1,3
AATGGCCGCCAATGCG-1,3
AATGGTCCACCGTTCA-1,5
AATGGTTCTCACAAGC-1,4
AATGTGCCCGAGGTGT-1,6
AATGTGCTAATCTGAG-1,7
AATTAAAGGTCGGCGT-1,6
AATTAACGGATTTCCA-1,7
AATTAGCGCTGCAGCG-1,6
AATTCATAAGGGATCT-1,3
AATTCATTGTCATGCA-1,6
AATTCCAAGCATGTAC-1,7
AATTCGATTCGAGGAT-1,7
AATTCTAGAGTTAGGC-1,6
AATTGAACGCTCTGGT-1,5
AATTGCAGCAATCGAC-1,6
AATTTGGGACATAGTA-1,3
AATTTGGTTCCAAAGA-1,3
ACAAACCATGCGTCCT-1,6
ACAAACCGACAAGGCG-1,3
ACAAAGCATGACCTAG-1,6
ACAAATCGCACCGAAT-1,6
ACAAATGGTAGTGTTT-1,5
ACAAATTCAGATCTGA-1,3
ACAACAGCATGAGCTA-1,4
ACAACGGTCCCTGCGA-1,4
ACAAGCAGTGCCTAGC-1,5
ACAAGGAAATCCGCCC-1,6
ACAAGGACAAGAGGTT-1,5
ACAAGGATGCTTTAGG-1,6
ACAAGGCCTACCAGCC-1,3
ACAAGGGCAGGCTCTG-1,5
ACAATAGTCGTACGTT-1,5
ACAATCCATTTAAACC-1,5
ACAATCGATCTTTATA-1,3
ACAATGAATACGGAGA-1,6
ACAATGATTCTTCTAC-1,3
ACAATTGTGTCTCTTT-1,6
ACAATTTAGGAGGCTC-1,4
ACAATTTGAGCAGTGG-1,3
ACAATTTGGCCATATT-1,3
ACACAAAGACGGGTGG-1,4
ACACAAATATTCCTAG-1,3
ACACACCAGGACCAGT-1,5
ACACACTTTCTACACG-1,3
ACACATGATCAAATCT-1,6
ACACCACATAATTAGC-1,3
ACACCCAGCATGCAGC-1,4
ACACCCGAGAAATCCG-1,4
ACACCGGTCTGACCGC-1,6
ACACCTTAAGTAGGGC-1,5
ACACCTTACTACTTGC-1,3
ACACGAGACTCCTTCT-1,4
ACACGGCACTATGCAT-1,3
ACACGGGAACTTAGGG-1,3
ACACGTAGGCCACAAG-1,6
ACACTCCAATGTCACT-1,3
ACACTGATCAAGGTGT-1,6
ACACTGGGACAGTCGT-1,6
ACAGAACTGAGAACAA-1,6
ACAGATTAGGTTAGTG-1,3
ACAGCATAGAGCCAGT-1,3
ACAGCGACATTCTCAT-1,6
ACAGCGCACCCGCAGC-1,3
ACAGGCTTGCCCGACT-1,6
ACAGGTGGAGGTGAGG-1,6
ACAGTAATACAACTTG-1,5
ACAGTGCAGCGCATTT-1,3
ACATAAGTCGTGGTGA-1,6
ACATAATAAGGCGGTG-1,3
ACATCAGCTGGGACGC-1,5
ACATCCCGGCCATACG-1,7
ACATCCTGGTAACTGT-1,4
ACATCGATCGTTTACC-1,6
ACATCGGTCAGCCGCG-1,6
ACATCGTATGCAATGG-1,5
ACATCGTTAACCTAGT-1,3
ACATCTCAACGCGTAA-1,3
ACATGGCGCCAAAGTA-1,4
ACATTAGTTTATATCC-1,6
ACCAAACACCCAGCGA-1,3
ACCAAACTAGAAATCC-1,3
ACCAACACCACACACT-1,3
ACCAACCGCACTCCAC-1,6
ACCAACGCTTATTTAT-1,7
ACCAAGAACGCGTGTC-1,3
ACCAATATGCAAGTTA-1,6
ACCACAACTCAGAACA-1,3
ACCACAAGTTTCTATC-1,5
ACCACCAATGTAACAA-1,4
ACCACCCTCTCTTCTA-1,3
ACCACGTGCAGCTATA-1,6
ACCAGCCCGGTCTTTG-1,3
ACCAGGAGTGTGATCT-1,3
ACCAGTGCCCGGTCAA-1,3
ACCAGTGCGGGAGACG-1,5
ACCATATCCGCAATAA-1,5
ACCATCCGCCAACTAG-1,5
ACCATCGTATATGGTA-1,6
ACCCAACGCCCGTGGC-1,3
ACCCACCTACATGCTC-1,5
ACCCATCTTGAGGGTA-1,5
ACCCATTTGTCCCTCT-1,6
ACCCGAGCGAAATTAC-1,6
ACCCGATTGGTTCCGA-1,7
ACCCGGAAACTCCCAG-1,7
ACCCGGATGACGCATC-1,3
ACCCGGTTACACTTCC-1,6
ACCCGTGTCATCAGTA-1,7
ACCCTATAGGACTGAG-1,3
ACCCTATGCCATATCG-1,7
ACCCTCCCTTGCTATT-1,6
ACCCTGGTAACGCCCT-1,3
ACCCTTCATCTGCGAA-1,3
ACCCTTGCCTGGGTCG-1,3
ACCCTTTAGTTCTCCA-1,3
ACCGAAAGGGCCCTGC-1,3
ACCGAAGAGTCTGGTT-1,6
ACCGACACATCTCCCA-1,7
ACCGACTGAGTCCCAC-1,4
ACCGATAGGCATAACC-1,6
ACCGATATTTAATCAT-1,5
ACCGATGGTAGCATCG-1,4
ACCGCAATAACTGCCT-1,6
ACCGCGGTGGAAGTCG-1,4
ACCGGGCCTTTGTTGA-1,5
ACCGGTCAGGTACACC-1,6
ACCGGTCTGAGTACGG-1,3
ACCGTGACCACGTGGG-1,7
ACCGTTCCCGCTCTGA-1,3
ACCTAAGTACCTTTCA-1,6
ACCTAATCGACTTCCT-1,5
ACCTACAGTATGTGGT-1,3
ACCTACTATAAATCTA-1,7
ACCTCCGCCCTCGCTG-1,6
ACCTCCGTTATTCACC-1,3
ACCTCGAACTTATGCT-1,6
ACCTGCGTGTCATGTT-1,6
ACGAAATGGGCGGCAC-1,5
ACGACTGGTCATACTC-1,7
ACGAGAACCCATCACG-1,3
ACGAGATATTTGCTTA-1,3
ACGAGGATACCACTCT-1,6
ACGAGGTTTACAACGT-1,6
ACGAGTACGGATGCCC-1,3
ACGATACATAGAACTA-1,3
ACGATCATACATAGAG-1,3
ACGATCATCTTGTAAA-1,3
ACGATGCATATGTTAT-1,5
ACGATGGATCCGATGC-1,3
ACGCAAACTAATAGAT-1,7
ACGCAATCACTACAGC-1,3
ACGCATAAATGACATG-1,3
ACGCATACGTTTACTA-1,6
ACGCATTCGTGAGTAC-1,5
ACGCCAGATGATTTCT-1,3
ACGCCCAGCTGTCGAT-1,3
ACGCCGCTAGACGACC-1,5
ACGCGAAGTCAGACGA-1,6
ACGCGCTACACAGGGT-1,6
ACGCGGGCCAAGGACA-1,5
ACGCGTTTCTTAAGAG-1,4
ACGCTAGTGATACACT-1,3
ACGCTGTGAGGCGTAG-1,5
ACGCTTAGTGTCTCTC-1,3
ACGGAATTTAGCAAAT-1,3
ACGGACTCTCAAAGCG-1,7
ACGGAGCGCAAATTAC-1,3
ACGGATGGTGCGGATA-1,6
ACGGCACTTGCTTGGG-1,6
ACGGCCAACATGGACT-1,7
ACGGCGACGATGGGAA-1,6
ACGGCGGGTTGCCCTG-1,3
ACGGCTGGATGTAGAA-1,6
ACGGGAGTGTCGGCCC-1,6
ACGGGCGTATGCGACA-1,3
ACGGGTCATGTGACTT-1,3
ACGTACAGATTTCTCT-1,3
ACGTAGATTGCTGATG-1,4
ACGTATTACTCCGATC-1,4
ACGTGCGCCTCGTGCA-1,3
ACGTGGTCGAATGTGC-1,3
ACGTTAATGTCGAAGA-1,5
ACGTTAGATTTGCCCG-1,5
ACGTTATTGGTCACTC-1,3
ACGTTCCGCGCTCCGT-1,3
ACGTTCGCAATCAATT-1,3
ACGTTCGTTCAGGAAA-1,7
ACGTTCTGTACAAGTC-1,6
ACGTTTAGTTGTGATC-1,3
ACTAAGGACGCACACC-1,3
ACTAATACGTCAGGCG-1,3
ACTACATCCCGACAAG-1,6
ACTACCAGCTCTCTGG-1,5
ACTACGCGTTAGAATT-1,7
ACTAGTTGCGATCGTC-1,5
ACTATATGCTGTGTTC-1,3
ACTATCCAGGGCATGG-1,3
ACTATCTGCCCGCGTA-1,5
ACTATGTCCAGCTGCC-1,6
ACTATTCGTCCGTGGT-1,3
ACTATTTCCGGGCCCA-1,7
ACTCAACGAATGTATT-1,3
ACTCAAGTGCAAGGCT-1,6
ACTCAATAAAGGCACG-1,3
ACTCAGACCTGCTTCT-1,3
ACTCATGGCAGCCTTC-1,6
ACTCCAATATCATCAT-1,6
ACTCCCATTCCTAAAG-1,6
ACTCCCGAATTCGTTT-1,3
ACTCCCTAATGCTAAA-1,7
ACTCCCTAGAATAGTA-1,6
ACTCGATGTATTTCAT-1,3
ACTCGTAACCCGTCCT-1,6
ACTCGTCAGTAATCCC-1,4
ACTCTCTGACTTAGGT-1,5
ACTCTCTTATACACGA-1,3
ACTCTTCAGCTCCCGC-1,3
ACTCTTGTATAGTAAC-1,5
ACTGAAACGCCGTTAG-1,6
ACTGAATGGCGAAAGT-1,5
ACTGATTTAGTGATTC-1,3
ACTGCCGTCGTAACTC-1,3
ACTGCGGACACACCGT-1,3
ACTGCTCGGAAGGATG-1,6
ACTGGCGAACCTGCGT-1,3
ACTGTACGATACACAT-1,3
ACTGTAGCACTTTGGA-1,5
ACTGTATACGCGAGCA-1,3
ACTGTCCAGGATTATA-1,5
ACTGTCTTCTTTAGAA-1,4
ACTGTGCTAGTAGATC-1,3
ACTGTTTAGTGTAGGC-1,3
ACTTACCGGGCGCGCA-1,3
ACTTACGCATCCACGC-1,6
ACTTAGTACGACAAGA-1,3
ACTTATACTTACCCGG-1,4
ACTTATTAGGATCGGT-1,5
ACTTATTTATGTGCCA-1,5
ACTTCAGGCTGATCCC-1,6
ACTTCCATGCGGGACA-1,6
ACTTCGCCATACGCAC-1,3
ACTTGACTCCCTCTTT-1,5
ACTTGCCATATTGTAC-1,3
ACTTGGGACCCGGTGG-1,5
ACTTGTAGTCCCTTCA-1,5
ACTTGTGGATGGAACG-1,5
ACTTTACCCTCATGAA-1,3
ACTTTCCTATAGCTTC-1,4
ACTTTGACTGCATCCT-1,5
ACTTTGGTCGTGCTCC-1,6
ACTTTGTCGACGCACT-1,5
AGAAATTATGACTCGC-1,5
AGAACCCAGCGTGACA-1,3
AGAACCCTCAATTGGG-1,6
AGAACGTGGTACATTC-1,3
AGAAGAGCGCCGTTCC-1,4
AGAAGGTACACTTCAC-1,6
AGAAGGTTGCCGAATT-1,6
AGAAGGTTGTAGGTCG-1,7
AGAAGTGATTCGTGAT-1,6
AGAATAAATCTTCAGG-1,5
AGAATGCGGGTTCGGA-1,3
AGAATTATGGATTCGA-1,3
AGAATTGTTTGACATA-1,3
AGACAGCTCAGAATCC-1,3
AGACAGGCATCTCAGC-1,5
AGACATAGATCCTTCC-1,3
AGACCAAACCACACCT-1,5
AGACCATGGGATACAA-1,4
AGACCCACCGCTGATC-1,6
AGACCCGCCCTCCTCG-1,4
AGACCGCTCCGCGGTT-1,5
AGACCGGGAAACCCTG-1,5
AGACGAAGTGCCGGTC-1,5
AGACGACGATGCCGCT-1,6
AGACGCCCACTTCGCC-1,6
AGACGGGATTGGTATA-1,3
AGACGGGCCGATTTAA-1,3
AGACTAGCCTTCCAGA-1,5
AGACTGTTACCGGGTC-1,7
AGAGAAACACCAGAAA-1,7
AGAGAACCGTCTAGGA-1,3
AGAGAAGGAGTACAAT-1,6
AGAGATCTCTAAAGCG-1,5
AGAGCAGTTATGAGAC-1,5
AGAGCCGCCGAGATTT-1,6
AGAGCGCTTGTAACGG-1,3
AGAGCGGGCTAATCAT-1,3
AGAGCGTACAAGCTCG-1,5
AGAGCTACGAAAGCAT-1,3
AGAGGCTTCGGAAACC-1,5
AGAGGGACAATTGTCC-1,3
AGAGGTATCTCGGTCC-1,3
AGAGTAAACTTCACTA-1,5
AGAGTATAGTGTTACG-1,3
AGAGTGAACAGACACC-1,3
AGAGTTAGAGACCGAT-1,3
AGAGTTGCAGGCCTCC-1,3
AGATAACTTCAGGGCC-1,5
AGATACCAATAGAACC-1,6
AGATACCAGCACTTCA-1,3
AGATACCGGTGTTCAC-1,6
AGATACGACTTCATAT-1,3
AGATACTCAAGATCGA-1,5
AGATATAATACGACTA-1,7
AGATCGTGCATAAGAT-1,3
AGATCTCAGGTGTGAT-1,3
AGATGACTCGCCCACG-1,3
AGATGAGGGTTGCGAT-1,3
AGATGATGGAGTCTGG-1,3
AGATGCAAGACGTGCA-1,6
AGATTATAGGACGTTT-1,5
AGATTCAAGCGGGTCG-1,3
AGATTCACAACCGATA-1,6
AGCAAAGGCCGCTAGT-1,7
AGCAACATATCTTATT-1,5
AGCAACCGAAAGTAAT-1,6
AGCACACGTTTAGACT-1,6
AGCACCAGTACTCACG-1,3
AGCACTACCGGCCTGT-1,5
AGCACTACCTCACCAG-1,6
AGCACTTAAGGACGCC-1,5
AGCAGAAGGAGAAAGA-1,7
AGCAGCCAGATGAATA-1,7
AGCATATCAATATGCT-1,6
AGCATCATTTCGAAAG-1,6
AGCATCGTCGATAATT-1,3
AGCCAAGCTTTGTGTC-1,7
AGCCACAGGTTACCCG-1,6
AGCCACTCCCGTGCTT-1,3
AGCCCATACATGTAAG-1,6
AGCCCGCAACAAGCAG-1,7
AGCCCGGCATTAGAGG-1,6
AGCCCGGTAGCCTGTA-1,7
AGCCCTAAGCGAAGTT-1,3
AGCCCTCCCTGGTGGC-1,6
AGCCCTGTCGCACCGT-1,3
AGCCCTTCTAATCCGA-1,3
AGCCCTTGGACATCCC-1,5
AGCCGTGGCTAAATGT-1,6
AGCCTAATACCCACGT-1,6
AGCCTTAAAGCGGAAG-1,3
AGCGACAGGAACGGTC-1,6
AGCGACATCCCATTCA-1,3
AGCGACCAACGATATT-1,4
AGCGAGACGTGAAGGC-1,6
AGCGATGCGCCTAATA-1,6
AGCGCATAATGAATCG-1,7
AGCGCGGGTGCCAATG-1,3
AGCGCTAGAGCGATGT-1,3
AGCGCTTATGGGCAAG-1,3
AGCGGACACTTCGTAG-1,7
AGCGGCGGTTAGCGGT-1,6
AGCGGGAAGGGTCCAT-1,3
AGCGGGTCTGACACTC-1,7
AGCGGTTGAGATGTAC-1,3
AGCGGTTGCCGCTCTG-1,3
AGCGTACGAGAGCTAG-1,3
AGCGTGGTATTCTACT-1,6
AGCGTTCCGATTTAAA-1,3
AGCTAACAAGCAATGT-1,7
AGCTAAGTACGCAGGC-1,7
AGCTAGAAGCAGAAGT-1,3
AGCTATTTAATCCAAC-1,3
AGCTCCATATATGTTC-1,6
AGCTCCTTCGCACATC-1,6
AGCTCGTTGATGGAAA-1,3
AGCTCTAGACGTTCCA-1,5
AGCTCTTCCCAGTGCA-1,3
AGCTCTTCGTAACCTT-1,3
AGCTCTTTACTCAGTT-1,6
AGCTGAAGTAAACCAA-1,3
AGCTGCATTTGAGGTG-1,3
AGCTGCTGTGCCGAAT-1,3
AGCTGTAACCTCAATC-1,6
AGCTTATAGAGACCTG-1,3
AGCTTGATCTTAACTT-1,5
AGGAACGAACGACTTC-1,6
AGGAAGCTGTCCGCCG-1,7
AGGACAGTCGAATCCC-1,5
AGGACATCGCACGTCG-1,3
AGGACGACCCATTAGA-1,6
AGGACGCTCGATGTTG-1,3
AGGAGACATCCACAGT-1,3
AGGAGGCCTTCGCGCG-1,6
AGGATAAAGTCGGGAT-1,6
AGGATATAGGGATTTA-1,5
AGGATCACGCGATCTG-1,6
AGGATTGCTTACGACA-1,3
AGGCACGTGACTGTCC-1,6
AGGCAGATGCGTAAAC-1,3
AGGCAGGGAGCGTACT-1,7
AGGCATTGTCGTAGGG-1,5
AGGCCACCCGTTATGA-1,5
AGGCCCATTGTACAGG-1,3
AGGCCCTAGAACGCCA-1,6
AGGCCTGAGAATCTCG-1,6
AGGCGATAACTGGCGT-1,5
AGGCGGTTTGTCCCGC-1,6
AGGCGTCTATGGACGG-1,3
AGGCTATGGTTAGCTT-1,5
AGGCTTCCCGAAGAAG-1,6
AGGCTTGCTAGACACC-1,4
AGGGAAACGAGGTACT-1,3
AGGGACCGGCTGCGTT-1,3
AGGGACTCTACGCGAC-1,7
AGGGAGACATACTTCG-1,3
AGGGCAGCGGCGTGGT-1,3
AGGGCGAGCAGCTGAT-1,6
AGGGCGTGATCGGCTA-1,3
AGGGCTGCAGTTACAG-1,5
AGGGTCAGAGCACTCG-1,7
AGGGTCAGTAACCCTA-1,3
AGGGTCGATGCGAACT-1,3
AGGGTGCCGTTCTTTA-1,7
AGGGTGCTCTCGAGGG-1,3
AGGGTGGATAGTGCAT-1,4
AGGGTGTGCTACACGC-1,3
AGGGTTCAGACGGTCC-1,7
AGGGTTCCCTTTGGTT-1,3
AGGGTTTAGTTCGGGA-1,5
AGGTAACCTCCTATTC-1,3
AGGTACGATATTGCCA-1,3
AGGTAGATCGAGATAT-1,7
AGGTAGGTACAAAGCT-1,5
AGGTATAATTGATAGT-1,3
AGGTATGCGGACATTA-1,3
AGGTCAGGTGAGAGTG-1,6
AGGTCGCCTCCCAACA-1,6
AGGTCGCGGAGTTACT-1,3
AGGTGGTGACCTTCGC-1,7
AGGTGTATCGCCATGA-1,5
AGGTTACACCATGCCG-1,4
AGGTTGAGGCACGCTT-1,3
AGGTTTCACACACCTT-1,5
AGTAACGTTCATCCTG-1,3
AGTAATGTCTTGCCGC-1,3
AGTACATCATTTATCA-1,3
AGTACCTTCGAGTGCT-1,3
AGTACGGCCCGTATCG-1,5
AGTACGGGCACCTGGC-1,3
AGTACGTGGCCTGTCT-1,3
AGTACTCTTATGCCCA-1,6
AGTAGCGTGAACGAAC-1,3
AGTAGCTAGACGCCGA-1,3
AGTAGGAAGGAAGTTG-1,3
AGTAGGTAACATACAT-1,3
AGTATAATACTAGGCA-1,5
AGTATACACAGCGACA-1,7
AGTATGCTGGAGACCA-1,6
AGTATTTGGCACGACC-1,7
AGTCAAATGATGTGAT-1,7
AGTCAACACCACCATC-1,6
AGTCAAGATGACACTT-1,5
AGTCACTAGCTCTCGA-1,6
AGTCACTCCGCCTCAT-1,3
AGTCAGCCACCGCCTG-1,3
AGTCCATTGGCTGATG-1,4
AGTCCCGCCTTTAATT-1,3
AGTCGACGGTCTCAAG-1,4
AGTCGGCCCAAACGAC-1,5
AGTCGGCTCAACTTTA-1,6
AGTCGGTTGCGTGAGA-1,3
AGTCGTATAAAGCAGA-1,7
AGTCGTCGACCACCAA-1,6
AGTCGTGGGCATTACG-1,6
AGTCTAAAGTATACTC-1,3
AGTCTCACAAGACTAC-1,6
AGTCTGGACATCCTTG-1,3
AGTCTTCTCCTCAAAT-1,3
AGTCTTTAAAGTGTCC-1,7
AGTGAACAAACTTCTC-1,4
AGTGACCTACTTTACG-1,6
AGTGACTGTGACACAA-1,6
AGTGAGACTTCCAGTA-1,4
AGTGAGCCTCGCCGCC-1,3
AGTGAGGGTTTCTGAC-1,3
AGTGATAACCTGCGCG-1,6
AGTGATATGAGTAGTT-1,6
AGTGATTCAAGCAGGA-1,3
AGTGCACGCTTAAGAA-1,6
AGTGCGTAGCTCGTAA-1,6
AGTGCTAAACACAGCA-1,6
AGTGCTTGCACGAATA-1,5
AGTGGCGGCAATTTGA-1,3
AGTGGCGTCTGAAGGT-1,6
AGTGGCTCCGTCGGCC-1,5
AGTGGTGTTACCCGTG-1,5
AGTGTATTGCGCATTG-1,3
AGTGTGCTAAGATCGC-1,3
AGTGTGGTCTATTGTG-1,4
AGTTAAACACTTGCGA-1,6
AGTTAAGCGGTCCCGG-1,3
AGTTAAGTCAACCGCT-1,6
AGTTACCCTTAAGACT-1,3
AGTTACCGCACATGGT-1,4
AGTTACTCTATCGTGG-1,3
AGTTATTGAAAGGTAA-1,3
AGTTCACCGGTTGGAC-1,3
AGTTCCTACAGAATTA-1,5
AGTTCCTATTTATGTT-1,6
AGTTCTGCGTTGTATC-1,3
AGTTGACATCGGCTGG-1,3
AGTTGACGGTCCTTGC-1,7
AGTTGCTGACTGATAT-1,3
AGTTTATGTAAAGACA-1,3
AGTTTCGCAGGTCGGA-1,3
AGTTTGCACCTGCCTC-1,7
AGTTTGGCACGGGTTG-1,5
AGTTTGGCCAGACCTA-1,6
ATAAACGGACCCGTAA-1,6
ATAAACGTTGCACCAC-1,6
ATAAAGGCTCGGTCGT-1,5
ATAAAGGTCAAGTACG-1,3
ATAAATATTAGCAGCT-1,5
ATAACGCCGGAGGGTC-1,4
ATAACGGAGTCCAACG-1,3
ATAACGTTACCTCCAC-1,3
ATAAGCAAACACCGAG-1,3
ATAAGGTGGAGAACAT-1,6
ATAAGTACCCGATTGT-1,3
ATAAGTAGGATTCAGA-1,3
ATAAGTAGGGCGACTC-1,3
ATAAGTTACCGCGACG-1,6
ATAATACCGTTAGCCG-1,3
ATAATAGCTGTTGAAT-1,6
ATAATAGTGTAGGGAC-1,3
ATAATCTTGGAGAACC-1,7
ATAATTAGCTAAGTAG-1,7
ATACAGGCCCTCCAAT-1,7
ATACCACGGGCAACTT-1,5
ATACCAGCAAATTGCT-1,3
ATACCAGGCTAATAGA-1,3
ATACCAGGTGAGCGAT-1,3
ATACCGTCATCCATAA-1,3
ATACCTAACCAAGAAA-1,7
ATACGAAGGCTTTCCA-1,3
ATACGACAGATGGGTA-1,3
ATACGCCGGCGAAACC-1,5
ATACGGAACGTCGTTT-1,6
ATACGGGTTTCGATTG-1,3
ATACGGTGAAGATGCA-1,5
ATACGTACTTAGCCAC-1,6
ATACGTCCACTCCTGT-1,5
ATACGTTATGCACGGA-1,7
ATACTACCCGTACCAC-1,6
ATACTAGCATGACCCT-1,3
ATACTCTCGCCACTCT-1,3
ATACTGCCTTACACCG-1,6
ATACTTGTTCTCGAGC-1,4
ATAGACAACGGGACCT-1,3
ATAGACGAAGAGAAAG-1,5
ATAGAGTACTGGGACA-1,5
ATAGAGTTATCAACTT-1,3
ATAGCAACTAGGGAAG-1,6
ATAGCCTCAGTACCCA-1,3
ATAGCTGCTCTTGTTA-1,3
ATAGGAATCTAAGCTT-1,3
ATAGGCGGCTATAGAA-1,6
ATAGGCTAGCTTCGCA-1,3
ATAGGGATATCCTTGA-1,3
ATAGGTTGGGCAGATG-1,4
ATAGTCTTTGACGTGC-1,3
ATAGTGAAGCGTTCTC-1,6
ATAGTTCCACCCACTC-1,3
ATATAAAGCGCTCGTG-1,7
ATATAAATGTAGCTGC-1,6
ATATAACACGGGCGCA-1,6
ATATACGCTCGTGACG-1,6
ATATAGAGTATTGGTC-1,6
ATATCAACCTACAGAG-1,3
ATATCGGTAGGGAGAT-1,3
ATATCGTGCCAGACCC-1,3
ATATCGTTCCTCGAAC-1,6
ATATCTCCCTCGTTAA-1,3
ATATCTTAGGGCCTTC-1,5
ATATGTCTCCCTAGCC-1,3
ATATGTGCACAAACCA-1,3
ATATTCAGTTAAACCT-1,6
ATATTCCACATAGTGA-1,6
ATATTCCCACAGGTCA-1,3
ATATTGCTGTCAAAGT-1,3
ATATTGGAGAGGCCTT-1,6
ATATTTAACCCTCAAG-1,5
ATCAAACACTGTTCCA-1,5
ATCAAACGAAGGTTTG-1,6
ATCAATCTGGGCTGCA-1,5
ATCAATGCCGTGGCTG-1,6
ATCACATTAGAATATC-1,3
ATCACGTGCTAATTAA-1,6
ATCACTTCATCCTCGC-1,3
ATCAGACGGCACGCCG-1,6
ATCAGCCTCATGCTGC-1,6
ATCAGCTCGTCCACTA-1,6
ATCAGGTCGCCATTGC-1,3
ATCAGTAGGCAGGGAT-1,3
ATCATAGCCCTATGTA-1,6
ATCATCCAATATTTGT-1,5
ATCATCTGCCCAGTGT-1,3
ATCCAACGCAGTCATA-1,5
ATCCAATGGAGGGTCC-1,6
ATCCACATCGACAGAA-1,7
ATCCACGCTAAATGTT-1,3
ATCCACTTTCAGACTA-1,3
ATCCAGAGCAACAACC-1,6
ATCCAGGATTCGTGAA-1,6
ATCCCATCCACAGCGC-1,6
ATCCTACCTAAGCTCT-1,6
ATCCTGAATCGCTGCG-1,5
ATCCTGCGTGGAATGG-1,6
ATCCTGCTGCAGATAG-1,3
ATCGACCCAATACAGA-1,6
ATCGACTCTTTCCGTT-1,3
ATCGCACGCCGGGAGA-1,4
ATCGCCAGTCAACATT-1,4
ATCGCTGCGTGCAGCA-1,3
ATCGCTTTACGTCTCA-1,3
ATCGGAGACAGACGGC-1,6
ATCGGCAAGCAGTCCA-1,3
ATCGGTTACCTAGTAA-1,5
ATCGTGGAAAGTCTGG-1,6
ATCGTTAGCTAGCGGA-1,6
ATCGTTCACTTTCGCC-1,3
ATCTAATATCCTACGG-1,7
ATCTAGCTTGTGAGGG-1,7
ATCTCATAAACCTACC-1,3
ATCTCCCACGGAATAT-1,6
ATCTCCCTGCAATCTA-1,3
ATCTCGTGAGCGAAAC-1,4
ATCTGACATGGAAGGA-1,7
ATCTGATAGTGTCTTA-1,3
ATCTGCACCTCTGCGA-1,3
ATCTGCTGTTATCGCC-1,7
ATCTGGGCTGTTCTTG-1,7
ATCTGGTTAAGACTGT-1,3
ATCTGTAATTGTACCC-1,3
ATCTTATCGCACACCC-1,6
ATCTTGACCTGCAACG-1,5
ATCTTGACTTGTCCAA-1,3
ATCTTTCGTATAACCA-1,3
ATGAAGCCAAGGAGCC-1,4
ATGACGCCGGCTCTAA-1,3
ATGACGCGTTCTATCC-1,6
ATGACTATCAGCTGTG-1,7
ATGACTATGCGACATT-1,5
ATGAGGAGTGTTAATC-1,5
ATGAGGGCAGCGGCTA-1,3
ATGATCGGGAATAGAC-1,3
ATGATGCAATGGTACA-1,6
ATGCACCTTCCTTAAT-1,3
ATGCACGCGCTGTTCA-1,6
ATGCACTACCGCATTG-1,5
ATGCATGATCCAGGAT-1,3
ATGCATTCCGTGATGG-1,3
ATGCCAATCGCTCTGC-1,3
ATGCCATTTGCGACCA-1,5
ATGCCGGTCTTGCATA-1,4
ATGCCGGTTGATGGGA-1,3
ATGCGACAATTGGTCC-1,3
ATGCGACAGTCCCATT-1,5
ATGCGAGTCCCACCAC-1,5
ATGCTCAGTGTTGCAT-1,4
ATGCTCTGGCGCGGTA-1,7
ATGCTTAGGAGTTGAT-1,6
ATGGAAATTTAAGGAG-1,5
ATGGAACAGAATAAAC-1,3
ATGGAACCTTTGCACA-1,3
ATGGAGCAGGCCGTGA-1,5
ATGGATCCGGCGTCCG-1,3
ATGGATTGACCAAACG-1,4
ATGGCAGCATTACGAT-1,6
ATGGCAGCCGAGAAAC-1,4
ATGGCTGGAAATGGCC-1,3
ATGGGAACGGAAGCGG-1,3
ATGGGACCTGCTGAAC-1,6
ATGGGCCTCGGCCTCT-1,5
ATGGGTGTATACCTCC-1,6
ATGGTCGCGTGGTTTC-1,5
ATGGTGCTCAAAGCCA-1,3
ATGGTTACGAAACATG-1,3
ATGTAAGGCTGCTCTT-1,3
ATGTACATGCGGTGAG-1,6
ATGTACGATGACGTCG-1,7
ATGTAGCGCGCGTAGG-1,7
ATGTGAAAGCCTAATG-1,6
ATGTGCATCCGACGCA-1,3
ATGTGGACATCTTGAT-1,6
ATGTGTAGTTTAGTCA-1,3
ATGTTACGAGCAATAC-1,3
ATGTTCCTGCCCACCT-1,3
ATGTTCGTCGACCCAC-1,5
ATGTTGATTAGAGACT-1,6
ATGTTGTAGTCTGTTT-1,7
ATGTTTGTAAGATCAT-1,3
ATTAAACATGCGGACC-1,6
ATTAATACTACGCGGG-1,3
ATTAATGAACCAGTCG-1,3
ATTAATTCGGTCACTC-1,3
ATTACAACTACCGGCC-1,3
ATTACATGTCAGTCTT-1,5
ATTACCACACTGCCTG-1,4
ATTACGCGCTGGCAGG-1,6
ATTACTAGCCTCTTGC-1,3
ATTACTTACTGGGCAT-1,3
ATTAGATTCCTCAGCA-1,3
ATTAGATTGATAGCGG-1,3
ATTAGGCGATGCTTTC-1,5
ATTATACTTTGCTCGT-1,3
ATTATAGCTACTTTAC-1,3
ATTATCGGAATGTACG-1,7
ATTATCTCGACAGATC-1,3
ATTATGAGACCCAATT-1,6
ATTATGCCATAGGGAG-1,3
ATTATGCTCAGTATTG-1,3
ATTATTATGTCCGTCA-1,7
ATTATTCAGAGTCACT-1,6
ATTCAACCATTTAAGG-1,6
ATTCACTGATGTTGGA-1,7
ATTCAGATGAATCCCT-1,3
ATTCAGGACCTATTTC-1,3
ATTCAGGATCGCCTCT-1,3
ATTCAGTAGCAGGGTC-1,5
ATTCATATACTGTCCA-1,6
ATTCATCGTTGAGGCA-1,6
ATTCCCACATAAACAA-1,5
ATTCCTAAGACGTGGA-1,3
ATTCCTCCGCCAGTGC-1,4
ATTCCTTCCAGGCGGT-1,3
ATTCGACGCCGGGCCT-1,5
ATTCGCAGAGGACACT-1,3
ATTCGCGCCTTGAGAG-1,6
ATTCGTGCTATCTCTT-1,4
ATTCTCGTCTCTTTAG-1,3
ATTCTGAGTATGAACT-1,3
ATTCTTCGTACTTATG-1,3
ATTGAAGATCTTAGTG-1,5
ATTGACCGGCGATGAC-1,3
ATTGACGTAACTCGGT-1,3
ATTGATAGCAACGAGA-1,3
ATTGATCACCACATTT-1,5
ATTGATGAGTCCTAAC-1,3
ATTGCCTATTAGACCG-1,6
ATTGCCTTTATGTTTG-1,7
ATTGCGATCAGTAACT-1,5
ATTGCTGCTCCTCCAT-1,5
ATTGGATTACAGCGTA-1,6
ATTGGGAATATCTTGG-1,3
ATTGGGAGTTCTGTAA-1,3
ATTGTACAACTCGGCT-1,3
ATTGTCGCAATACCTT-1,3
ATTGTGACTTCGCTGC-1,3
ATTGTTCAACGATCCG-1,5
ATTTAACTCGTATTAC-1,3
ATTTACAGTTTACTGG-1,5
ATTTACTAAGTCCATT-1,3
ATTTCATTATTTCGCG-1,3
ATTTCCGGGTTCTGCG-1,6
ATTTGCGCGAGTAGCT-1,6
ATTTGTCTTGGGAGCT-1,5
ATTTGTTCCAGGGCTC-1,3
CAAACGAGTATCGCAG-1,6
CAAACGGTCGCACTTT-1,5
CAAACGTGGTCTTGCG-1,3
CAAACTACGATAGAGA-1,3
CAAACTATTGAGCTTC-1,3
CAAACTCGCGACGCCG-1,4
CAAAGATTATTGGGCC-1,6
CAAAGGTCATCTGAAA-1,4
CAAAGGTTAAATTCAG-1,3
CAAATCTCTCACAAGG-1,6
CAAATGTCCTTCCGTG-1,6
CAAATTGGATTATGCC-1,3
CAAATTGTCAGCAAGC-1,3
CAACACATCTCCTGCC-1,3
CAACAGAATAACGCTA-1,3
CAACCAGTGGCCTACC-1,6
CAACCTACCGAGCAGT-1,6
CAACCTGAACCTGCCA-1,3
CAACGACCCGTTTACA-1,3
CAACGGTTCTTGATAC-1,3
CAACGTGGTGGAGTCT-1,5
CAACTATATCGAATGC-1,3
CAACTCCAACGTTTAG-1,3
CAACTCCGTAACTTGC-1,3
CAACTCCTTGATCCCG-1,3
CAACTGAGGGTATGAC-1,3
CAACTGCTCATCCGAT-1,7
CAACTTGTAGTGGGCA-1,3
CAAGAAACCCTAAACT-1,3
CAAGAGGGCGGAGTAC-1,6
CAAGATATTATAACGT-1,5
CAAGCAACGTCGGAGT-1,5
CAAGCACCAAATGCCT-1,3
CAAGCGGCACATAATT-1,6
CAAGGATCGCATGTTC-1,5
CAAGGCCAGTGGTGCA-1,6
CAAGGTCCTATAGGCT-1,3
CAAGTAAGTGATAGAC-1,7
CAAGTGAACTTTGGTT-1,3
CAAGTGTGGTTGCAAA-1,4
CAATAAACCTTGGCCC-1,3
CAATACGAGAGTCTGA-1,4
CAATACGCTCTGAGGC-1,5
CAATATGTAGATTTAC-1,3
CAATATTCTTGACCTA-1,6
CAATCCATTATCCGTT-1,3
CAATCCCTATACCAGC-1,3
CAATCCTGCCGTGGAG-1,3
CAATGAGGTTCGACTA-1,3
CAATGCGAGAAGTATC-1,6
CAATGGAATCTACATA-1,3
CAATGGATCTCTACCA-1,3
CAATGGTCGGCCTGGG-1,3
CAATGTGCCAACCCTT-1,3
CAATTAAGGGTGATGA-1,4
CAATTTCGTATAAGGG-1,5
CACAAGAAAGATATTA-1,3
CACAAGCTAAGAAAGG-1,6
CACAATGAGCTGCTAT-1,6
CACACACGCTAACGAG-1,6
CACACAGCTTGCGCTC-1,4
CACACAGGGATAGATT-1,5
CACACGCGCTGTCTTA-1,3
CACACGTTTCAATGGG-1,3
CACACTTGTATTGCGA-1,3
CACAGAGACGAGGACG-1,6
CACAGCACCCACGGCA-1,5
CACAGCTAGGGAGTGA-1,3
CACAGGGCCATATAGT-1,6
CACAGGGCCGTTGTCA-1,7
CACAGTCCCGCTTCGC-1,6
CACAGTTCGCTTCCCA-1,5
CACATATTAGCAGGAT-1,6
CACATCGTGCACGCGC-1,7
CACATCTCACCGACGA-1,7
CACATGATTCAGCAAC-1,5
CACATGTTTGGACATG-1,3
CACATTCTTTCGATGG-1,3
CACATTTCTTGTCAGA-1,4
CACCACGCCACACAGA-1,5
CACCAGTCAGCATGCA-1,6
CACCATCGGAGGAGAC-1,3
CACCATGATCGCAAAG-1,3
CACCCAAATCTTATGT-1,3
CACCCACACGTCACCC-1,3
CACCCACGAGGCAATT-1,3
CACCCGGTTTGTGACT-1,6
CACCCTAACAAGATCT-1,6
CACCCTTGGTGAGACC-1,6
CACCCTTTCCTCGCTC-1,3
CACCGATACACCGAGC-1,3
CACCGCCAGAAGGTTT-1,4
CACCGCCGACCAGCGA-1,3
CACCGCGTCCACTCTA-1,3
CACCGGAGATATCTCC-1,3
CACCGGTAGAGACATT-1,6
CACCGTATCCCATCCG-1,5
CACCGTTAGGGATCAC-1,6
CACCGTTGCGCGATAT-1,6
CACCTAATAGAGTCGT-1,3
CACCTAATCAGTTTAC-1,3
CACCTCGATGGTGGAC-1,3
CACCTCTACGAGTGTG-1,3
CACCTTGCGAAACTCG-1,3
CACCTTGGCGCCTTTG-1,4
CACGAAAGTTAGTCCC-1,5
CACGACCACAGACTTT-1,3
CACGACGTAATAGTAA-1,3
CACGACTAAAGTTCTG-1,3
CACGCACAGCGCAGCT-1,3
CACGCAGCGAGGCTTT-1,5
CACGCGGAACTGTTGC-1,4
CACGGCGCGCCAAAGG-1,3
CACGGGATTGAGGGTT-1,4
CACGTCAATCAATGGA-1,6
CACGTCGGCAACCTCT-1,6
CACGTCTATGATGTGG-1,3
CACGTTCGTGCTCTAG-1,5
CACGTTTCGTACACAC-1,6
CACTAAAGTTGCCTAT-1,5
CACTACGGGAGCTGCC-1,6
CACTACTCAGTTCTGT-1,3
CACTCAAGAGCTATGG-1,5
CACTCAGCTCTTGAGG-1,3
CACTCCTATGTAAGAT-1,6
CACTCCTCTCGGTCGG-1,3
CACTCGAGCTGAACAA-1,6
CACTCGGTTAGGAGGA-1,5
CACTCTCAAGCATCGA-1,7
CACTCTTCTGCTAGCC-1,6
CACTGACGATTGTGGA-1,7
CACTGTCCAAGTGAGA-1,3
CACTTAATCAGACGGA-1,5
CACTTCGCCACAGGCT-1,4
CACTTCGTCTTATCTC-1,3
CAGAACTTAGCCCTCT-1,6
CAGAATAACACACGGA-1,5
CAGAATATTCGTTATC-1,4
CAGACACCGATCGCTG-1,7
CAGACCTGTAAGTGTT-1,3
CAGACGAACCTGATAC-1,6
CAGAGACGGTCACCCA-1,6
CAGAGCATGAGCTTGC-1,3
CAGAGGCGATGCATGA-1,7
CAGAGTGATTTAACGT-1,3
CAGATAATGGGCGGGT-1,6
CAGATACTAACATAGT-1,5
CAGATATGAAGATGAC-1,6
CAGATCATTTAAAGTC-1,3
CAGATCCTGGTTTGAA-1,6
CAGCAGCCCGTTCCTT-1,3
CAGCAGTCCAGACTAT-1,5
CAGCAGTCTGTGCTGC-1,7
CAGCCCTCACAGGCAG-1,3
CAGCCGGGCCCTCTAT-1,3
CAGCCTCCTGCAGAGG-1,3
CAGCCTCTCCTCAAGA-1,3
CAGCGATTCCCTTCAA-1,6
CAGCTCACTGAGACAT-1,5
CAGCTCGACAAGTTAA-1,3
CAGCTCGTGCTTGTGT-1,3
CAGCTGGCGTAACCGT-1,6
CAGCTTAGTAGGTAGC-1,5
CAGGAAGACTTTATAT-1,3
CAGGATATATCGTTGT-1,6
CAGGCAGTCTTACCAG-1,7
CAGGCCGTTTGGGTGT-1,5
CAGGCGCACGGTGGTC-1,6
CAGGCGCCATGCTAGG-1,6
CAGGTTTAGTACTACA-1,3
CAGTAACTATTTATTG-1,3
CAGTAATCCCTCCCAG-1,4
CAGTACATTCTCTAAA-1,3
CAGTACCAGTTTACGT-1,6
CAGTAGCCCACGCGGT-1,3
CAGTAGCGAGGTAGTA-1,3
CAGTCCAACGCCTTCT-1,3
CAGTCGAGGATGCAAT-1,3
CAGTCTCTCGGCTAAT-1,3
CAGTCTGTATACTGGG-1,5
CAGTGAATAAATGACT-1,3
CAGTGGTTGCACATGA-1,3
CAGTGTCCGCAGAATG-1,3
CAGTGTCGGCTGGCCC-1,6
CAGTTCAAATTGACAC-1,5
CAGTTCCGCGGGTCGA-1,5
CAGTTCGAGGACCCGA-1,7
CATAACGGACAGTCGT-1,3
CATAAGAAGCTTGGCT-1,7
CATAAGCTCTCCGTCT-1,5
CATAATGAGCGGGCGA-1,3
CATACAAAGCCGAACC-1,3
CATACACGGTTCCCAC-1,7
CATACCCGTACCCAGT-1,5
CATACGAACTAGCTGG-1,7
CATACGGCGTCTGGGC-1,5
CATACTATGTAATTGT-1,5
CATACTTAGGCAATAC-1,3
CATACTTCTTTCTCCG-1,7
CATAGCCGCCCGGGAT-1,5
CATAGCGTTGCCCACC-1,7
CATAGTACATTGAGAG-1,3
CATAGTAGCATAGTAG-1,3
CATAGTCAAATACATA-1,6
CATAGTCCACAAGAAC-1,6
CATATACTACTGATAA-1,3
CATATAGGTACAGTCA-1,6
CATATGTCAGGCTACG-1,6
CATATTATTTGCCCTA-1,3
CATCAAACTGGCGCCC-1,3
CATCAACACCTACTAA-1,3
CATCATCTACCCGGAC-1,3
CATCATTACCCTGAGG-1,6
CATCCAATATAGTTTG-1,6
CATCCGCAGGCCCGAA-1,3
CATCCTCTCAAAGATC-1,6
CATCGCCCGCGGCCAA-1,3
CATCGGACGGGTTAAT-1,6
CATCGTCCGGTTACTA-1,3
CATCTACCCGAGAACG-1,3
CATCTAGTGAAGGGAA-1,4
CATCTATCCCGTGTCT-1,3
CATCTGCAGGATCATT-1,4
CATCTTACACCACCTC-1,3
CATGAACCGACATTTG-1,3
CATGAACCTCTTATCA-1,3
CATGACTTCGCTGAAT-1,4
CATGAGATGCACTCTC-1,7
CATGATGCACAATTCT-1,3
CATGATGGAAGTTAGC-1,5
CATGCACGTGTTACTG-1,3
CATGCATGGAGACCCT-1,3
CATGCCAACTCGCAAA-1,5
CATGCGACCAGTTTAA-1,3
CATGCGTTAGACAGAA-1,3
CATGCTGGCTCCAATT-1,3
CATGGAAATGGGACCA-1,3
CATGGATTGTCTTCCG-1,6
CATGGCAGGAAGATCG-1,3
CATGGGTATGCCTTAT-1,6
CATGGGTCGGGTGTGG-1,3
CATGGTAAGTAGCGTT-1,6
CATGGTCTAGATACCG-1,3
CATGTAAGAGACATTT-1,6
CATGTAGGAGCGCCAA-1,3
CATGTCTCATTTATGG-1,6
CATTACATAGATTGTG-1,3
CATTACGTCGGCCCGT-1,3
CATTATCCCATTAACG-1,7
CATTATGCTTGTTGTG-1,4
CATTCACTGACAGCTA-1,3
CATTCCCATTCCGTCG-1,3
CATTCCCTAAGTACAA-1,3
CATTGATGAACACGCC-1,3
CATTGCAAAGCATAAT-1,3
CATTGCGAAATGGGCG-1,5
CATTGCGGGTCAATTC-1,3
CATTGTGTGCTAGATC-1,3
CATTTAGCGGACCATG-1,3
CATTTATCGTTCAAGA-1,3
CATTTCTAGCAGACTA-1,3
CATTTGAGTGGTACGT-1,6
CCAAACAGAACCCTCG-1,4
CCAAATAACAAGATTC-1,5
CCAACCTTATGTAACT-1,7
CCAACGATGCACTGAT-1,5
CCAACGCTTGCCAGGG-1,3
CCAACTTGATAGATCC-1,4
CCAAGAAAGTGGGCGA-1,6
CCAAGACTTCTGCGAA-1,3
CCAAGCGTAACTCGTA-1,4
CCAAGGAACAGAGAGG-1,3
CCAAGTTTCTACAGAT-1,3
CCAATAGTGCCGTCGA-1,5
CCAATCGGTAGATCGA-1,3
CCAATGTCACAGCAAG-1,5
CCAATTACGGGTCGAG-1,3
CCAATTGAATGTTAAT-1,3
CCACAATGTACGTCTT-1,3
CCACACTGAGATATTA-1,5
CCACAGCTGAAATCAT-1,3
CCACAGTACCCATCCT-1,5
CCACATACTGCACCCA-1,5
CCACCAACTTTACTGT-1,6
CCACCCAAGGAAAGTG-1,5
CCACGAATTTAACCTC-1,4
CCACGAGAAGAGAATC-1,3
CCACGGAGCCATAAGA-1,6
CCACGGTGCCCGGTAG-1,3
CCACGTAAATTAGACT-1,3
CCACTATCCGGGTCAC-1,3
CCACTGGTGGCTGGTT-1,5
CCACTGTTTGGATTAA-1,6
CCAGAAAGCAACTCAT-1,6
CCAGAGACAAAGCCGG-1,4
CCAGATAGTTGAGTGA-1,3
CCAGATGTAAATGGGT-1,3
CCAGCCTGGACCAATA-1,5
CCAGCGGGATCACCAG-1,3
CCAGCTACGCCTCATA-1,3
CCAGCTCGAACGCATT-1,7
CCAGCTGATGGTACTT-1,5
CCAGCTTCCGCCCGCA-1,5
CCAGGCTGGCGTCTGA-1,5
CCAGGGACGTGGCCTC-1,4
CCAGTAGTCTGATCCA-1,3
CCAGTCAAATCTCTTA-1,5
CCAGTCCATTATTCGA-1,3
CCAGTCTAGACGGCGC-1,3
CCAGTCTTGTCATAGA-1,7
CCATAAACAACCCGAC-1,3
CCATACCTTTACTTGT-1,3
CCATAGGTTGGCGTGG-1,3
CCATAGTCAGTAACCC-1,3
CCATATGGAAACTATA-1,6
CCATCATAAGAACAGG-1,3
CCATCCATACCAAGTC-1,3
CCATCGCAGTTAAACT-1,6
CCATCTCACCAGTGAA-1,4
CCATCTTGTTCACAAT-1,3
CCATGCCCTAGATTTC-1,6
CCATGCCTGTTTAGTA-1,5
CCATGCTCTGCAGGAA-1,4
CCATGGCCCTTGTACC-1,5
CCATGTTCATCTATAT-1,6
CCATTAGCGATAATCC-1,5
CCATTCCCTGCCCACA-1,5
CCATTGTTTCCTCCAT-1,3
CCATTTCTACCTATTA-1,6
CCCAAACATGCTGCTC-1,3
CCCAACATACGTCGCG-1,6
CCCAACCACACTAACA-1,3
CCCAAGAATGCACGGT-1,3
CCCAAGACAGAGTATG-1,3
CCCAATGAGATTTGCA-1,7
CCCAATTTCACAACTT-1,5
CCCAGAGGAGGGCGTA-1,3
CCCAGGTCTGAAGGCT-1,5
CCCAGTAAACTTGGGA-1,6
CCCAGTTAAGGCGCCG-1,5
CCCATATAGGTCGATT-1,6
CCCGAAGTTTCGCGAA-1,5
CCCGACCATAGTCCGC-1,3
CCCGAGTTTCTCCGTA-1,5
CCCGCAGCGCGAACTA-1,6
CCCGCAGGGCCCAAAG-1,3
CCCGCCATGCTCCCGT-1,3
CCCGCGCAATGCACCC-1,4
CCCGCTAGAGGGTTAA-1,3
CCCGGGTCGTTCAGGG-1,7
CCCGGTGGAAGAACCT-1,5
CCCGGTGTATCGGAAT-1,6
CCCGTAAGTCTAGGCC-1,5
CCCGTAGCTGGGAAGA-1,7
CCCGTCAGCGTCTGAC-1,4
CCCGTTTCGCAGATGT-1,5
CCCTAGTGTCAGGTGT-1,3
CCCTATGTAGAGCAGA-1,6
CCCTCATTCTGGAATT-1,3
CCCTCCTCGCTCGTAT-1,5
CCCTCGGGAGCCTTGT-1,3
CCCTGAAATGAGTTGA-1,5
CCCTGACTAACAAATT-1,5
CCCTGATGTAACTCGT-1,3
CCCTGCCCAATCCGCT-1,5
CCCTGCGCTACGCATA-1,5
CCCTGGTATGGGCGGC-1,3
CCCTTTAATGGAGTTC-1,6
CCCTTTGACAGGTCTT-1,6
CCGAAAGTGGTGAGCA-1,3
CCGAACACTGGGCCTC-1,5
CCGAACCTTCCCGGCC-1,6
CCGAAGTATATTGTTC-1,4
CCGACAAACACATGAG-1,3
CCGACAAAGGGAGTGC-1,5
CCGACAATAGGCCGCC-1,6
CCGACGGGCATGAGGT-1,6
CCGACGTAAACACAAC-1,3
CCGACTCGCATAGTCT-1,3
CCGAGAAGTCGCATAA-1,4
CCGAGCTGTGCTTGTC-1,3
CCGAGGGATGTTAGGC-1,3
CCGATATGACGTAAGG-1,5
CCGATCTCAACCTTAT-1,3
CCGATCTTAAGAGGCT-1,3
CCGATTCGAGGGACCC-1,5
CCGATTGGTCAATGAA-1,3
CCGCACAAAGACCAAC-1,5
CCGCACACGAACGTGT-1,4
CCGCACGTGACCTCGG-1,5
CCGCATGTGGTACGAT-1,7
CCGCCACCACAATCCA-1,3
CCGCCGGAACTTCTCG-1,6
CCGCCGGTCAACACAC-1,3
CCGCCGTTGAGGATAA-1,4
CCGCCTGCGAATTGGT-1,3
CCGCCTTGCGATGTCG-1,5
CCGCGATTTGGTAGGT-1,5
CCGCGGAATGCGTCAC-1,6
CCGCGGGTACGAAGAA-1,5
CCGCGTAGGTAAGGGC-1,5
CCGCTATCAGCACCAG-1,6
CCGCTCTTCCGAACTA-1,6
CCGCTGGTGCCATTCA-1,3
CCGCTTACCTCACTCT-1,6
CCGCTTGCTGACATGG-1,3
CCGGAATGGTTTCAGT-1,5
CCGGAGCGTACTTTCT-1,7
CCGGCACGACCGTTTC-1,3
CCGGCGCATATTGGAT-1,3
CCGGCGTGAGACTCTG-1,5
CCGGGACCCGCAGAGA-1,3
CCGGGCGGTCTCGTCA-1,4
CCGGGCTGCTCCATAC-1,4
CCGGGTTCGAGGTTAC-1,5
CCGGTAATGGCTAGTC-1,3
CCGGTTTGTAATTGTG-1,7
CCGTAAGTTGGTCCCA-1,4
CCGTACCCAAGCGCCA-1,3
CCGTAGGAAATCCCTG-1,6
CCGTAGGGTTGTTTAC-1,6
CCGTATCTCGTCGTAG-1,6
CCGTATTAGCGCAGTT-1,3
CCGTGAGGCATTCATG-1,3
CCGTGCCCATGACGGC-1,3
CCGTGGAACGATCCAA-1,3
CCGTGTTAAATTCCAT-1,6
CCGTTACGTTAGAACA-1,3
CCGTTCCGAATCTCGG-1,5
CCTAAAGGCTGACGCT-1,3
CCTAAATTAACGGTTC-1,5
CCTAAATTGTATCCTA-1,5
CCTAACCCAAACAAGT-1,6
CCTAACTAAGGCTCTA-1,3
CCTACAAGTCCGGAAT-1,3
CCTACATTCACAGACG-1,6
CCTACGCGACCTTACA-1,3
CCTACGGCTCAGTCGA-1,3
CCTACTCAACACGATT-1,6
CCTACTGCGGCGGCCA-1,3
CCTACTGCTTACACTT-1,5
CCTAGGCGTAGCGATC-1,4
CCTAGGTAAAGGTAGC-1,6
CCTAGTTAGTCGCATG-1,3
CCTATAATGAGTGCCC-1,6
CCTATACCGTCCTGTC-1,7
CCTATATCGTGTCACG-1,6
CCTATATTTGTCCTGG-1,7
CCTATCTATATCGGAA-1,3
CCTATGAAGTGGTGCC-1,3
CCTATGGCTCCTAGTG-1,6
CCTATGGGTTACCGTC-1,4
CCTATGGTCAAAGCTG-1,7
CCTATGTCCACTCCAC-1,6
CCTCACCAATCTTGAC-1,3
CCTCACCTGAGGGAGC-1,3
CCTCACCTTAGCATCG-1,3
CCTCATGCAGCTACGA-1,3
CCTCCCGACAATCCCT-1,3
CCTCCGACAATTCAAG-1,5
CCTCCTAGCTAGAGTC-1,6
CCTCCTGAGCCCACAT-1,5
CCTCCTGTTGTGTCGT-1,6
CCTCGAAGTGGACGGG-1,3
CCTCGACCCACTGCCT-1,3
CCTCGCCAGCAAATTA-1,3
CCTCGCGCGATATAGG-1,3
CCTCGCGCTGTGCGAT-1,7
CCTCGGACCGGGATAG-1,5
CCTCGGATGCTACCTG-1,4
CCTCGTTACGCCTGTT-1,3
CCTCTAATCTGCCAAG-1,3
CCTCTACAAGGATTGG-1,6
CCTCTATCGATTAGCA-1,6
CCTCTCTCCCATCTAG-1,5
CCTCTGGCCTAGACGG-1,3
CCTCTGTACTATTCTA-1,6
CCTGAACGATATATTC-1,4
CCTGAATATTTACATA-1,3
CCTGACCACCGATGGT-1,6
CCTGACGCAACCTTTA-1,3
CCTGCCCGTTGTCTAG-1,5
CCTGCGATAGAACTGT-1,3
CCTGCGTTCTACGCTT-1,5
CCTGCTATTTGAGAAG-1,4
CCTGGAAACGTTCTGC-1,3
CCTGGCTAGACCCGCC-1,5
CCTGGTCGAATGTGGG-1,7
CCTGTAAGACATGATA-1,5
CCTGTACTCACGCCCA-1,5
CCTGTCACCCGGGCTC-1,4
CCTGTCCCTCACGTTA-1,3
CCTGTCGCCCGTAAAT-1,5
CCTGTGCGGATTGTAA-1,3
CCTGTTTGAAGACACG-1,6
CCTTCAGTTAAAGTGA-1,7
CCTTCGTATAGAATCC-1,7
CCTTCTCAGCGTTCCT-1,5
CCTTCTTGATCCAGTG-1,3
CCTTGACCACTTTATT-1,6
CCTTTAAGGGAGCACT-1,7
CCTTTCAATGAAGAAA-1,3
CGAAACATAGATGGCA-1,3
CGAAACGCAATTCATG-1,6
CGAACAGTATGGGCGT-1,5
CGAACATAGTCAGAAA-1,3
CGAACCCGCATGCGTC-1,6
CGAACGCCCAGTGCCG-1,3
CGAACGGCCGGACAAC-1,6
CGAAGCTATAAATTCA-1,3
CGAAGGGTTTCAGATT-1,6
CGAAGTTGCTCTGTGT-1,5
CGAATCTGCTCGACGC-1,6
CGAATGAAGTCATTGC-1,6
CGAATGACGCATAATG-1,7
CGAATTACATGGTGTT-1,3
CGACAATTTGATCTAA-1,5
CGACACCGCTTAAGGA-1,3
CGACACGCTCCGACAG-1,5
CGACACGGATGCCCAC-1,3
CGACAGTTCGCGTTAT-1,5
CGACATGCGATCTTCT-1,3
CGACCCTTAACGCCGG-1,5
CGACGCATCCGTACCT-1,5
CGACTCAGGATGTTAT-1,3
CGACTCGGTACACGGT-1,3
CGACTTTGTATAGCCT-1,3
CGAGACCCTAGAGTGT-1,6
CGAGAGATGTGAACCT-1,3
CGAGAGCGCGTAGATA-1,5
CGAGAGCTTTCACTAC-1,6
CGAGAGGGTAGCCGCG-1,6
CGAGATTTCGCTCGGG-1,3
CGAGCACTTCAAGTTT-1,5
CGAGCGTTGATCAGCC-1,3
CGAGCTGGGCTTTAGG-1,3
CGAGGAGCTTCCATAT-1,3
CGAGGATCGGGAACGA-1,3
CGAGGCCAGGCATTGG-1,3
CGAGGCTAAATATGGC-1,3
CGAGGGACTGCGGTCG-1,5
CGAGGGTATCCAGGTG-1,7
CGAGTACTAAAGAGGA-1,6
CGAGTGAAGGTACCAG-1,6
CGAGTGCTATAGTTCG-1,3
CGAGTTCTGTCCCACC-1,3
CGAGTTTATCGGACTG-1,4
CGATAACCAATTTGAG-1,3
CGATAATACTCAGGTT-1,3
CGATACCTCGCGGACA-1,6
CGATAGCGATACAGTG-1,6
CGATAGTCGTACTGCA-1,7
CGATATTAGCCGCAGG-1,3
CGATCATTAGAGGCAC-1,3
CGATCCGACCCAGTGC-1,5
CGATCCTCGCAACATA-1,7
CGATCTGTTGGAGGAC-1,6
CGATGGACCCTACGCC-1,3
CGATGTTGTTATCTAC-1,6
CGATTAAATATCTCCT-1,7
CGATTCGCCTGGCTGC-1,7
CGCAAACACGAGTTAC-1,5
CGCAATTACTTTCGGT-1,5
CGCAATTAGGGTAATA-1,5
CGCAATTCTACAATAA-1,5
CGCACATGTCCACTAC-1,5
CGCACGTCTGTTTATG-1,7
CGCACGTGCGCTATCA-1,4
CGCAGAAACATTTGCG-1,3
CGCAGATCTTCACCCG-1,3
CGCAGGCGATCCAAAC-1,5
CGCATCATGGCTTCAG-1,3
CGCATCCATCAGCCAG-1,3
CGCATGCCGAATGCGT-1,7
CGCATGGTGCGATGCT-1,5
CGCATTAGCTAATAGG-1,4
CGCCAAGAAGCCGAGT-1,5
CGCCACAGGTCGCGAT-1,5
CGCCATCCGATTATGA-1,3
CGCCCAGCACGCCTAG-1,7
CGCCCAGCGTTTCACG-1,6
CGCCCGCTTCCGTACA-1,3
CGCCCTAATTGTTCAA-1,6
CGCCCTTACATCCACC-1,3
CGCCCTTGAAGGCTGA-1,5
CGCCGCCCATGCCTGT-1,5
CGCCGGTGTCGCAGTA-1,3
CGCCGTCTACCCATCG-1,3
CGCCGTTCAGCATAGT-1,6
CGCCTCCCTCCTCTAT-1,5
CGCCTGGCCTACGTAA-1,6
CGCCTTTAGCATGCTC-1,4
CGCGAAGTGGCATACT-1,6
CGCGACACTGCGCAGC-1,3
CGCGACCGCGACAGAT-1,6
CGCGAGAGGGACTTGT-1,3
CGCGAGTCTGCCGGGT-1,6
CGCGCAAATGTCCAGA-1,6
CGCGCAAGGAACTACA-1,3
CGCGCATGTTTGATTG-1,6
CGCGCCCGACTTAATA-1,3
CGCGGCAGTATTACGG-1,3
CGCGGCTCAACTTGAA-1,5
CGCGGGAATTAGGCAG-1,3
CGCGGTAAGTCTAGCT-1,3
CGCGGTACGGTATACA-1,6
CGCGGTCACAAACCAA-1,3
CGCGTACATTCTGGAA-1,3
CGCGTCATATTAAACC-1,3
CGCGTTCATGAAATAC-1,4
CGCTACGGGACATTTA-1,5
CGCTAGAGACCGCTGC-1,4
CGCTATACCGCCCACT-1,3
CGCTATCGTGGCTTTA-1,3
CGCTATTCAATGTATG-1,4
CGCTATTCTTAGGCTC-1,5
CGCTCGACATAATGAT-1,4
CGCTCTCCGTAGATTA-1,5
CGCTGGTGACTACCCT-1,5
CGCTGTGACGCCGCAC-1,4
CGCTGTGTGGATGTTG-1,7
CGCTTAGTATTGATAC-1,7
CGCTTATTCCCGGTCG-1,6
CGCTTCCACTGAAATC-1,3
CGCTTCGGTCTAAGAC-1,6
CGCTTGGACGGATAGA-1,6
CGCTTTCATACCGGTG-1,3
CGCTTTCTTGCATTCG-1,3
CGGAAAGAATCAAACG-1,7
CGGAAATTTCACATCC-1,3
CGGAACGTAAACATAG-1,6
CGGAGCAATTTAATCG-1,7
CGGAGCATGGCGATCC-1,5
CGGAGCTTATAACACC-1,3
CGGAGTTTGAGAGACA-1,5
CGGATAAGCGGACATG-1,3
CGGATCCTCAAGGACT-1,7
CGGCAAACATCGTGCG-1,6
CGGCAATAAGATCGCC-1,6
CGGCACCGTTAGCGCC-1,3
CGGCACTCAAGAAAGT-1,3
CGGCAGGGTCGGGTTG-1,3
CGGCCACGCACAAAGT-1,5
CGGCCAGAGCGACCAT-1,7
CGGCCCAACCTGTAGT-1,3
CGGCCCAGGTATATCC-1,4
CGGCGCCATCAATCCC-1,6
CGGCTCTAAAGCTGCA-1,4
CGGCTCTTCGTCGAAC-1,3
CGGCTGAAGGTTACGC-1,3
CGGCTGCAAGATTAAG-1,3
CGGCTTTGTATGATAA-1,3
CGGGAATATAGTATAC-1,5
CGGGAATTTATGTAAA-1,6
CGGGAGCTTCAGTGTA-1,5
CGGGAGTATACCGCCG-1,3
CGGGATCAATGTAAGA-1,3
CGGGCAGCTAAACCGC-1,5
CGGGCCATAGCCGCAC-1,3
CGGGCCTTCTTTGTAA-1,6
CGGGCGATGGATCACG-1,7
CGGGCTACTTAAATTG-1,3
CGGGTGTACCCATTTA-1,3
CGGGTTCGGCACGTAT-1,3
CGGGTTTGTTAGGGCT-1,5
CGGTACTAGAATCAAA-1,5
CGGTAGAGGTGCAGGT-1,3
CGGTATAGGTATTAGC-1,3
CGGTCAAGTGGGAACC-1,3
CGGTCCATGAGACTCC-1,3
CGGTCCGTCGCAAGCC-1,7
CGGTCTATCAACCCGT-1,3
CGGTGAAGACTAAAGT-1,5
CGGTGCAGATAGAACG-1,6
CGGTGCGCGTTGGTCC-1,6
CGGTGGGCTCCAGCCT-1,3
CGGTGTACTTGATCCC-1,3
CGGTTATCCAACAGTG-1,3
CGGTTCAAGTAGGTGT-1,3
CGGTTCCGGCTTCTTG-1,3
CGGTTGACCTGGCATA-1,5
CGGTTGAGTATCCTTC-1,6
CGGTTGGGTTCAAGTT-1,3
CGGTTTATGAAGGAAC-1,3
CGTAAACGCTTGAGTG-1,3
CGTAACGGAACGATCA-1,3
CGTAACTTCGACACTT-1,7
CGTACCTGATAGGCCT-1,3
CGTAGAGAGTAATTAT-1,7
CGTAGCGAATTGTCAG-1,3
CGTAGCGCCGACGTTG-1,3
CGTATTAAGAGATCTA-1,5
CGTCAAATGGTCGCAG-1,3
CGTCAAGGCTATAAAT-1,5
CGTCACGTCCATTGGT-1,6
CGTCAGCTATTTACTC-1,3
CGTCAGTGCGCACAAG-1,3
CGTCAGTTTATCGTCT-1,3
CGTCATACCATATCCA-1,4
CGTCGCATGTGAGCCA-1,7
CGTCGCGGCGGGATTT-1,3
CGTCGCTTGGTTATAC-1,6
CGTCGGATAGTGTTGA-1,3
CGTCGGGTCTAAGCGC-1,6
CGTCGTCCTTCGCGAA-1,6
CGTCTCTCGCCGAGGC-1,3
CGTCTGGAAGGGCCCG-1,3
CGTGAAGTTAATTCAC-1,5
CGTGACATTGGGTCGT-1,3
CGTGACCAGTCCTCTG-1,7
CGTGCAGACTGGGACA-1,5
CGTGCATTGTCGACGC-1,5
CGTGCCCTCCCGAAGA-1,5
CGTGCTGGCCTAGTCG-1,3
CGTGCTTCTACCTAAA-1,6
CGTGGAAGCCTCGTAC-1,4
CGTGGCCGAATATCTA-1,5
CGTGGTACCCAAAGGC-1,7
CGTGTATGGGAGCTGA-1,6
CGTGTCCCATTCGCGA-1,5
CGTGTCTCGTTACGAC-1,7
CGTGTGTTAAACCCTG-1,3
CGTTAAACTAGTTAGG-1,5
CGTTAATGTCCCGACG-1,6
CGTTAGCTCACAACTG-1,3
CGTTCAAGGAAACGGA-1,7
CGTTCAGACCCGCGAA-1,7
CGTTCATGGTGCGCGT-1,6
CGTTCTTCGCACACCT-1,3
CGTTGAATACCGCGCT-1,6
CGTTGAGCGACCGTCG-1,5
CGTTGAGTAATTGCGT-1,3
CGTTGCCCGCGTGGGA-1,7
CGTTGTAAACGTCAGG-1,3
CGTTGTAAGATTGATT-1,3
CGTTGTCGGCAATTGA-1,7
CGTTGTTTCAATTCCC-1,5
CGTTTAAGCGGAGCAC-1,3
CGTTTACAAGGCAGCT-1,3
CGTTTCACTTCGGGCG-1,3
CGTTTCGCTCATTACA-1,5
CGTTTGGTGTTGTGGG-1,6
CGTTTGTGTAGAGGGT-1,7
CTAAAGAATGCCTACT-1,5
CTAAAGGGAAATAGGA-1,6
CTAAATCCGGTGTACA-1,7
CTAAATCCTATTCCGG-1,3
CTAACCGCGCGCCCGT-1,5
CTAACGAAACTTGCTG-1,3
CTAACTGATAATCGCC-1,6
CTAACTGGTCCGGTTC-1,6
CTAAGGGAATGATTGG-1,5
CTAAGTACAGGGCTAC-1,3
CTAATTATGAAGCGTA-1,3
CTAATTCGCACGCGCT-1,5
CTAATTCTCAGATATT-1,3
CTAATTTCAACAACAC-1,4
CTACAAGAAATAACCC-1,7
CTACACTCGCAGATGG-1,6
CTACCCTAAGGTCATA-1,3
CTACGAACTAGGTCGA-1,3
CTACGACTAGCTATAA-1,5
CTACGCACGGAGTACC-1,5
CTACGCCATTTCCGAT-1,3
CTACTATCATAGGTTT-1,6
CTACTATCTTTCAGAG-1,3
CTACTCAAGGTATAGT-1,7
CTACTCTAGGCCCGGC-1,5
CTACTGCCACCTGACC-1,4
CTAGACATATATGTAG-1,3
CTAGACTGCATTTCGT-1,3
CTAGATAAACTCCTCG-1,3
CTAGATGTGAGTGTAA-1,3
CTAGATTTACGACGGC-1,5
CTAGCATAGTATAATG-1,5
CTAGCCACAGGCGAGC-1,6
CTAGCCGATGTTATGA-1,3
CTAGCGCCAATCCTAC-1,3
CTAGCTTAATGGTCCC-1,4
CTAGGCGCCCTATCAG-1,6
CTAGGCGGCAGAGAAT-1,3
CTAGGTCTGAAGGAAT-1,3
CTAGGTTCGGACGTGA-1,7
CTAGTAGAAAGGGATT-1,7
CTAGTATTCGGAATTA-1,3
CTAGTCACGTCTTAAG-1,5
CTAGTGAAGGACAGGA-1,5
CTAGTTACAACCCGGT-1,6
CTAGTTGGGCCCGGTA-1,3
CTATAAGAGCCAATCG-1,3
CTATAGGCGTTGATGT-1,7
CTATATCCAGCCTGGC-1,7
CTATCGACGAAATACA-1,6
CTATCGCGTAGAGAAC-1,6
CTATCGGGTCTCAACA-1,5
CTATGCCCGAATGCAA-1,7
CTATGGGAAGCGGAAT-1,6
CTATGTCACTAGCCCA-1,4
CTATGTCTATTGAAAC-1,3
CTATGTGAGTCACGGC-1,5
CTATTCATGTGTCCCA-1,6
CTATTGTGTTTGGTCA-1,3
CTATTTGGTTACGGAT-1,4
CTCAAACCACTGCCCG-1,7
CTCAACTAACCCGGAT-1,7
CTCAAGACATTAGCGC-1,3
CTCACACGCAAGCCTA-1,3
CTCACATTTACTAAAT-1,7
CTCACCGATCCAAACT-1,3
CTCACTGTGATACTTA-1,7
CTCACTTGGCTGGTAA-1,5
CTCAGCAGACTGCCGA-1,3
CTCAGGACTCACCTGT-1,3
CTCAGTCACGACAAAT-1,3
CTCATGGCTCACAATC-1,3
CTCATGGTAATTTGCG-1,6
CTCATTGCTCTAACAA-1,7
CTCATTTGATGGGCGG-1,3
CTCCCAATGAGTCGCG-1,5
CTCCCTCCTTTCGATC-1,6
CTCCGAGTAAATCCGC-1,3
CTCCGCCCACATGAGG-1,6
CTCCGGCCTAATATGC-1,3
CTCCGGCTTGTAGACA-1,3
CTCCTAAGTTATGTCT-1,3
CTCCTCCAGCTCACAC-1,7
CTCCTGTTCAAGGCAG-1,5
CTCCTTTACGCAAGTC-1,3
CTCGAATGGAACGTAT-1,3
CTCGAGACATACGATA-1,6
CTCGAGATCCAAAGCA-1,3
CTCGAGGTCGAACAGT-1,4
CTCGATATTTGCGAGC-1,3
CTCGCACCTATATAGT-1,3
CTCGCATTGCATAGCC-1,6
CTCGCCGAATGTAGGG-1,7
CTCGGGATAACACCTA-1,3
CTCGGGTTCTCTGGCC-1,6
CTCGGTACCACTGCTC-1,5
CTCGGTCCGTAGCCTG-1,3
CTCGGTTGTCGGCCCT-1,6
CTCGTCGAGGGCTCAT-1,6
CTCGTTTCTAATGTTT-1,3
CTCTAATGCATTGATC-1,3
CTCTACACTGGCGATT-1,5
CTCTAGCCCTCGGAAA-1,6
CTCTATTTGGCTGCAG-1,6
CTCTCACAATCGATGA-1,4
CTCTCGATGTGCGCCT-1,3
CTCTCGCTGTACTATG-1,3
CTCTCTAACTGCCTAG-1,6
CTCTGCGAAGCAAGCA-1,3
CTCTGGACGCCTGGTG-1,5
CTCTGTTTGAGGATTC-1,3
CTCTTCTATTGACTGG-1,5
CTCTTCTGGAAGTTAG-1,7
CTCTTGTCCCGCTTGG-1,7
CTGAAACGGCCCTCAG-1,3
CTGAAAGAGATCCGAC-1,3
CTGAATCCGAGACCTC-1,6
CTGAATTTATTGCCAG-1,3
CTGACATAGAAATAGA-1,5
CTGACTGCGCAGCTCG-1,3
CTGAGAAAGTTCGGCG-1,5
CTGAGCAAGTAACAAG-1,3
CTGAGCGAGACTTATT-1,3
CTGATAGTGTATCTCA-1,5
CTGCAAGCACGTTCCG-1,6
CTGCACAACTACATAT-1,6
CTGCACCTAGTCCACA-1,3
CTGCACCTGGAACCGC-1,3
CTGCACTCCAGTACAG-1,6
CTGCAGAGAATCAGAG-1,6
CTGCCAAGGTTGGAAG-1,3
CTGCCATGCATCACAT-1,5
CTGCCCACGAAGCGTT-1,4
CTGCCTAGCCACCAAG-1,3
CTGCCTCATATGCAAC-1,3
CTGCCTTTAATACCTT-1,6
CTGCCTTTCTAGTAAA-1,6
CTGCGGGTGAAATGTT-1,5
CTGCGGTAGTCACGTG-1,3
CTGCGTTACGATATAA-1,3
CTGCTGAGGCCACGAA-1,6
CTGCTGTCTAACGAGC-1,4
CTGCTTGGCGATAGCT-1,6
CTGCTTTATGTCCGCG-1,3
CTGGAAATGGATGCTT-1,5
CTGGAAGACACGGTGG-1,6
CTGGACGCAGTCCGGC-1,6
CTGGATTTACACTTGA-1,6
CTGGCATCCGAATGAG-1,6
CTGGCGACATAAGTCC-1,3
CTGGCGCACAGGTCTG-1,4
CTGGCGGGAATAAGTA-1,4
CTGGCTCCTGCGGGAT-1,3
CTGGCTGATTCATCCT-1,5
CTGGCTGGTTGTCAGT-1,7
CTGGGATAAATAATGG-1,5
CTGGGATACGCTACCC-1,3
CTGGGCACTAGTCGGA-1,3
CTGGGCCTGCTATATC-1,6
CTGGGCGGCCAAATGT-1,3
CTGGGCTATCCTTTGG-1,3
CTGGGTAGGCAGTTAA-1,5
CTGGGTTGAGTTAAAG-1,6
CTGGTAAAGTGTGGGC-1,6
CTGGTAACACATAGAA-1,5
CTGGTAACGAGCTCTT-1,3
CTGGTCATTCCAATCC-1,4
CTGGTCCTAACTTGGC-1,3
CTGGTGAATGGGCCTA-1,6
CTGGTTCAACGCATCA-1,3
CTGGTTTCGAGCAAGA-1,5
CTGTACTTCTTAGCAT-1,5
CTGTAGCCATCTCACT-1,7
CTGTAGTGAGGATCGA-1,7
CTGTATGGTGTAGAAA-1,4
CTGTCAAATGGCTCGG-1,3
CTGTCACGCCAGGCGC-1,3
CTGTGCAGGGTAGGTC-1,5
CTGTGGTCGGGAGATA-1,6
CTGTTACCCAATCTAG-1,6
CTGTTCACTGCCTGTG-1,3
CTGTTCATCTCACGGG-1,4
CTGTTGTTCAGTCGTA-1,6
CTTAAATAAGACCCAT-1,3
CTTAACTTCGAAGTAC-1,3
CTTACACGGTATTCCA-1,5
CTTACACTGGGAAATA-1,3
CTTAGCCCGGATAGTG-1,4
CTTAGCCTTCCACATG-1,3
CTTAGGTATAGACCAG-1,6
CTTAGTAGGCCTACAG-1,3
CTTAGTGTAGTAGCAT-1,7
CTTAGTTGAGGAATCG-1,7
CTTATAGATGGCTGTT-1,6
CTTATGCGCTCAGGGC-1,5
CTTATGTTGACTACCA-1,3
CTTCAACTCCACTTGG-1,7
CTTCAGTGGTCGCCTA-1,6
CTTCATAGCTCAAGAA-1,4
CTTCATTGTCAGTGGA-1,5
CTTCCGCTCCGTGAAG-1,7
CTTCCTGCATATTTAC-1,3
CTTCGATTGCGCAAGC-1,7
CTTCGGCCAATTGTTT-1,5
CTTCGTAGATAGGTGA-1,5
CTTCTATGTTGAAGTA-1,6
CTTCTATTAATGCTAG-1,6
CTTCTGGGCGTACCTA-1,7
CTTCTTACGTCGTATA-1,3
CTTGACCCGAAAGATA-1,3
CTTGAGGTTATCCCGA-1,3
CTTGAGTTAGGGTAAT-1,4
CTTGCAACCGCCTCCT-1,6
CTTGCCCAGGCTCTAC-1,6
CTTGGCCAAGCTGGGA-1,7
CTTGTACTTGTTGACT-1,3
CTTGTCAACATTCGAG-1,6
CTTGTGAGTCTTTGAC-1,3
CTTGTGCTCACCGATT-1,3
CTTGTTGCTGAGTCAA-1,5
CTTGTTTATGTAGCCA-1,3
CTTTAACTTTCAAAGG-1,3
CTTTAATATTGGTCGA-1,6
CTTTACCGAATAGTAG-1,6
CTTTAGGAACACTGTT-1,5
CTTTAGTGCTATTATT-1,6
CTTTCTGTGCGGGCTT-1,6
CTTTGAAACATATTCC-1,3
CTTTGCATCGCTCTTG-1,6
CTTTGCTGTCATGGAT-1,4
CTTTGGCAGACAGAGT-1,3
CTTTGGCGCTTTATAC-1,5
CTTTGGCTTTAGTAAA-1,5
CTTTGGGATTGTTGCA-1,7
GAAACAGATGACCACC-1,4
GAAACAGCCATGCAGT-1,3
GAAACATAGGAAACAG-1,6
GAAACCATGGTGCGCT-1,3
GAAACCGAATTACCTT-1,6
GAAACCTATACAAATG-1,7
GAAACTCGTGCGATGC-1,5
GAAACTCTAATGAAGG-1,3
GAAAGAACAGCGTTAT-1,3
GAAAGCAGTGCACTTT-1,7
GAAAGCCCTTTGGACC-1,5
GAAAGTGACTAACTGC-1,5
GAAATACCTGCTGGCT-1,3
GAAATACTAAACGTTT-1,3
GAAATATCACCATCAG-1,5
GAAATATGCTTGAATG-1,3
GAAATCGCGCGCAACT-1,3
GAAATGGCGGTGTTAG-1,5
GAAATGGGATGTAAAC-1,3
GAAATTAGCACGGATA-1,3
GAAATTCACATCGCTG-1,3
GAAATTGTCTCTATAA-1,6
GAACAACTGGGATGAA-1,7
GAACACACATCAACCA-1,4
GAACAGATTACTAAAT-1,7
GAACATTAGTATGTTA-1,3
GAACCATCTGGGAGAC-1,3
GAACCCTCTGTGTTCT-1,7
GAACCTCGACCTACAC-1,5
GAACCTTTAACGATCC-1,7
GAACGACCGAATGATA-1,3
GAACGATAAGTTAAAG-1,3
GAACGCGGGTCACACG-1,5
GAACGGTGTAAAGCAG-1,3
GAACGTCTCATGGTCG-1,3
GAACGTTAGGAAGACG-1,5
GAACTGTGGAGAGACA-1,7
GAACTTAGCGCCCGGT-1,3
GAACTTGTGCACGGGA-1,3
GAAGAAACGATATTGT-1,6
GAAGAACGGTGCAGGT-1,3
GAAGACTTCAATGCCG-1,3
GAAGCCACTGATTATG-1,7
GAAGCCTGCACATTCC-1,7
GAAGCGTGAGGAATTT-1,5
GAAGCTCGGACCCGTC-1,6
GAAGCTTGCTGACCGC-1,5
GAAGGAGTCGAGTGCG-1,7
GAAGGCTACCATTGTT-1,3
GAAGTCAGTTGCACTA-1,6
GAAGTCTCCCTAGCGA-1,4
GAAGTGATTTATCGTG-1,5
GAAGTGCTGGATAGCT-1,3
GAAGTTTCCACTCAAT-1,5
GAATAGACGCGACCCA-1,5
GAATAGCATTTAGGGT-1,4
GAATAGCCCTGCGGTC-1,3
GAATAGTGCTCGATTA-1,7
GAATATTCGGAGTCCC-1,3
GAATCGACATGGTCAC-1,5
GAATCGCCGGACACGG-1,3
GAATCTATACTCGGAC-1,3
GAATCTGAACATTCTC-1,5
GAATGAAGGTCTTCAG-1,3
GAATGCCGAAATGACC-1,3
GAATGCGAATCGGTTC-1,7
GAATGTATGGCAGGTC-1,3
GAATGTGGTCCGGATT-1,5
GAATGTTGGGTAATCT-1,3
GAATTATAGTGAAAGG-1,5
GAATTATGCAACCTAC-1,3
GAATTCACCCGGGTGT-1,6
GAATTTCTCGCTGCAG-1,5
GACAAACATATGCAGG-1,5
GACAACGACCATTGAA-1,3
GACAACGCAGCTTACG-1,3
GACAAGAGATGAGATT-1,5
GACACAAGGGAAGAAA-1,4
GACACGAGTTAGAGGA-1,4
GACACTGAGTTCAGTG-1,6
GACACTGGAACCCGAT-1,5
GACAGATTTCTGGCTC-1,5
GACAGCCAGACCTGAC-1,5
GACAGGCACACACTAT-1,5
GACATACTGTCGCAGA-1,3
GACATCCGTCGAACTG-1,7
GACATCGATTTATAAC-1,6
GACCAAACGTTGACTG-1,6
GACCAGAGCCCTGTAG-1,5
GACCAGGTCATTCATA-1,3
GACCCAATTATGATAC-1,6
GACCCGTCGCCGGCTA-1,3
GACCGACGTGAAAGCA-1,3
GACCGACTGAAGCGTC-1,5
GACCGATTAAATATGT-1,6
GACCGCGTCTGACGTG-1,5
GACCGTCAGGTCGTGA-1,3
GACCGTGCTGACGGTG-1,6
GACCTTCCACGTCTAC-1,7
GACGACGATCCGCGTT-1,6
GACGAGGCTAATAAAC-1,6
GACGCCGTAAAGGCTA-1,7
GACGCCTGTTGCAGGG-1,3
GACGCTTGCTTCTAAA-1,5
GACGGACCGCGTTCCT-1,3
GACGGGTTGGCCCGTA-1,7
GACGGTCAATAGAAGC-1,3
GACGTGAGACTCCATG-1,3
GACGTGTAGGGATTAT-1,5
GACGTTCGTAAATACA-1,3
GACTAACACAGCACCT-1,3
GACTAAGATCATGCAC-1,4
GACTAAGTAGGCTCAC-1,5
GACTACAAAGCGGTGG-1,6
GACTACAATTGCTCGT-1,3
GACTAGGCCGTTAGGT-1,7
GACTCACCCACGTGAG-1,3
GACTCCCAGAATAAGG-1,3
GACTCCTTCCAATTGA-1,6
GACTCGCGGGAATGAC-1,3
GACTCGGTCGGCGGAT-1,3
GACTGATTGGTCACAA-1,3
GACTGCAAATCGAGCT-1,7
GACTGCACCAGCCCAG-1,5
GACTGCGGCACGTGTA-1,4
GACTGCTGGTGAGAAA-1,7
GACTGGGCGCCGCAAC-1,3
GAGAATCTCACGATCA-1,4
GAGACCCTGCAACGCC-1,3
GAGACTGATGGGTAGA-1,4
GAGACTTCGCGACCGA-1,7
GAGAGCGCAGTCCCTG-1,4
GAGAGGGCGCGAGGTT-1,5
GAGAGGTGCATTCTGG-1,6
GAGATCTGCTTGGCAT-1,5
GAGATCTGTCACTCCG-1,3
GAGATCTTCCATGACA-1,5
GAGATGACAATCCTTA-1,3
GAGATGGCTTTAATCA-1,7
GAGATGGGAGTCGACA-1,6
GAGCACCTGTGTCCAG-1,6
GAGCACGGCGCCTCTT-1,3
GAGCATCAACAACTTG-1,6
GAGCATCATCCCTGGG-1,3
GAGCCACGGTAGTAGG-1,3
GAGCCAGCTACCTGTG-1,6
GAGCCGAGCGTTTATT-1,3
GAGCGAGGGAGTACCG-1,3
GAGCGCAAATACTCCG-1,5
GAGCGCGCACGAGTAG-1,5
GAGCGCTGTTAGGTAA-1,6
GAGCGGAATGCGGTGT-1,7
GAGCTAAGGGCATATC-1,3
GAGCTCTCGGACCTAA-1,3
GAGCTGTCGTCTCGGA-1,3
GAGGAATGGAGAGGTT-1,5
GAGGATAAACAGTGCT-1,3
GAGGCATTTGCAGCAG-1,3
GAGGCCCGACTCCGCA-1,6
GAGGCCTGTTGATACA-1,6
GAGGCTATCAAAGTCG-1,5
GAGGGAGTCAGATCGC-1,7
GAGGGCATCGCGTATC-1,3
GAGGGCCGGCAGAGTC-1,3
GAGGGCGCAGCTCTGC-1,3
GAGGGTAGTAACAAAG-1,6
GAGGTACATCCATCTT-1,3
GAGGTACGCGTGTCCC-1,7
GAGGTCCCAAAGATCT-1,3
GAGGTCTTAGTGGGTC-1,3
GAGTAAACCGGAAAGT-1,5
GAGTAAGGCCACGGGA-1,6
GAGTACGGGTATACAA-1,3
GAGTAGATACTAGTTG-1,7
GAGTATCAAAGTTACA-1,5
GAGTATGCCCGCCTTG-1,6
GAGTATGCGCGTGCAT-1,7
GAGTCAGACCAGAATC-1,7
GAGTCCGCTTACCGGA-1,6
GAGTCGACAGACCCTC-1,4
GAGTGCACGGACAACA-1,3
GAGTGTCAACCAGAAA-1,7
GAGTGTGCGGTACCCA-1,5
GAGTTGATGGCAATTT-1,6
GATAAATCGGTGGATG-1,3
GATAACTCGCACTGTG-1,4
GATAAGGCAGATGCAA-1,3
GATACGATGGGAGTCA-1,6
GATAGGTAACGTTGAC-1,6
GATAGGTGTCCCGGGC-1,3
GATAGTGCGAGTAAGT-1,7
GATATCTCATGCAATA-1,3
GATATGAGACACTAAC-1,5
GATATGCGGTAGCCAA-1,3
GATATGGATTACGCGG-1,5
GATATTGAGATTGGCG-1,3
GATATTTCCTACATGG-1,3
GATCAACATAAAGGGA-1,7
GATCATTCCAAACATT-1,5
GATCCCTTTATACTGC-1,4
GATCCGAATATAAGTG-1,3
GATCCGGGAATTAACA-1,5
GATCCTAAATCGGGAC-1,3
GATCCTCGACACTGGC-1,6
GATCCTCTTGCGCTTA-1,3
GATCGACACTATCTGA-1,5
GATCGCGGGCTCTCCA-1,5
GATCGCTACCCGATTT-1,5
GATCGCTATATCTCAG-1,6
GATCGGATAGAACCAT-1,5
GATCGGCGATAAGTCG-1,3
GATCGGTGGCCATAAC-1,3
GATCGTGACTGATATC-1,5
GATCTCGACGCTGTGG-1,5
GATCTGCTATCTAAGG-1,7
GATCTTAGTGAACGTG-1,3
GATCTTCATTGTCCTC-1,3
GATCTTGGAGGGCATA-1,6
GATCTTTGCAGGGTAT-1,5
GATCTTTGCTCAAAGA-1,3
GATGACAAGTAGGGCA-1,6
GATGACGATGATCGCG-1,3
GATGAGGAACCTTCGG-1,7
GATGCCAGCAGAAGGC-1,4
GATGCCTTCTGCGGCA-1,6
GATGCGAATGGTATTA-1,4
GATGCGTCCTGCATTC-1,5
GATGCTACAAGCGCCT-1,3
GATGCTGTATTTCATC-1,5
GATGGCGCACACATTA-1,4
GATGGTGAAATAACCC-1,3
GATGGTGCCCTAGGCA-1,3
GATGTAACGAACCACC-1,6
GATGTCCGGATCACAT-1,3
GATGTCGGTCAACTGC-1,3
GATGTGTTGTCACAAG-1,3
GATGTTCAATCCACGA-1,6
GATGTTTGTGCGAGAT-1,4
GATTAACCGAAAGCCC-1,6
GATTACTGAATTTGGG-1,6
GATTCCCTTGTCGCAG-1,3
GATTCCGCGTTTCCGT-1,3
GATTCCTATACGGCGC-1,5
GATTCGACGGTTCACG-1,5
GATTGACACTCTGCTC-1,3
GATTGCTCCAGTTGCA-1,6
GATTGGGAAAGGTTGT-1,7
GATTTAGTGCGTACTG-1,3
GCAAACCCTACATTAT-1,6
GCAAACCTTGGCCATA-1,7
GCAAACGTCGCCAGGT-1,4
GCAAAGGGCGTTAGCC-1,6
GCAAATATTACGCTTT-1,5
GCAACACACTAGAACT-1,6
GCAACAGCAGTATGCG-1,5
GCAACCACCAGACCGG-1,3
GCAACCACGGCCGCGT-1,6
GCAACGGCTAGTTATG-1,4
GCAAGAATTCCTTGGC-1,6
GCAAGATGTGTTCGCG-1,3
GCAAGTGCACAGAGAA-1,4
GCAAGTGTAAAGCATG-1,7
GCAATTAGTCGCACCG-1,3
GCACAAACCCTAGATG-1,6
GCACAAACGAGGCGTG-1,4
GCACAACCTCGGGCGT-1,6
GCACAAGTGTCGGAAG-1,3
GCACACACTGGTAGCC-1,6
GCACACGCCCATGGTC-1,5
GCACGCCTACTTAGAT-1,7
GCACGTGGTTTACTTA-1,6
GCACTAGTCGCGCTAT-1,3
GCACTGCCTACCTTTA-1,7
GCACTGTGCAAATGTA-1,3
GCAGAAACGTAATCCA-1,3
GCAGAAGGTAATCTCC-1,5
GCAGACCCAGCACGTA-1,3
GCAGATCCATAAGACT-1,6
GCAGATCCTCGCAAAT-1,3
GCAGATTAGGGATATC-1,5
GCAGCACACAGCCCAG-1,5
GCAGCCTATATCACAT-1,3
GCAGCGGTGGGCATTA-1,3
GCAGCTATGGACAGGT-1,3
GCAGGAACTTAGATCT-1,6
GCAGGACTATAGAATA-1,5
GCAGGTAGAGTATGGT-1,3
GCAGTGCGGGCGGATG-1,5
GCAGTGTGGCTATAGG-1,6
GCAGTTCGATCCGAGC-1,5
GCATAAATTGAACGCC-1,3
GCATACGAGGTCTTTA-1,5
GCATAGAGCACTCAGG-1,5
GCATCCCTAACTTTGA-1,3
GCATCGGCCGTGTAGG-1,5
GCATGAGGGACGCGGC-1,3
GCATGCTAATAACGAT-1,6
GCATTCAAGGCAACGC-1,3
GCATTCGAAATGAACA-1,4
GCATTGTAATTCATAT-1,5
GCATTTCCAAGGCTCC-1,3
GCCAACCATTTCCGGA-1,3
GCCAAGAATACTTCTG-1,5
GCCAATAGGGCATCTC-1,3
GCCACAATTTAAGGAC-1,6
GCCACTCAGAGCGCGA-1,6
GCCACTCCTTACGGTA-1,5
GCCAGGAGTAACCGAT-1,3
GCCAGGCGTTCGCATG-1,3
GCCATATTGCACACAG-1,3
GCCATCGAGCTGCGTG-1,7
GCCATCGATGCTGCAT-1,3
GCCATTAGCCTCAAAC-1,6
GCCCACCAAGGCTGTC-1,3
GCCCACTGGTCCACAA-1,3
GCCCAGATGCTGGAGA-1,3
GCCCAGTTGGTATGCC-1,4
GCCCATGGGTGCAATG-1,3
GCCCGACTTCTTCCCG-1,6
GCCCGAGAGTCTAAAT-1,6
GCCCGATCTGTGGTCG-1,6
GCCCGCGCGTAAACGG-1,6
GCCCGCGCGTTTGACA-1,4
GCCCGTAATACCTTCT-1,3
GCCCTAGCCGTCGCGA-1,6
GCCCTGAGGATGGGCT-1,7
GCCGAAATTCCTACGT-1,5
GCCGACCCACGACTGC-1,6
GCCGATTGGCCAAGCT-1,5
GCCGCACTCCGTTTCA-1,3
GCCGCATTAGTCCGGC-1,5
GCCGCTAGATACGCAG-1,3
GCCGCTTGTGAGAAAC-1,5
GCCGGAAACACATCTT-1,3
GCCGGGTTAGGGTCGC-1,6
GCCGTGGAAGAAATGT-1,3
GCCTACGTTCTGTGCA-1,7
GCCTAGCGATCTGACC-1,4
GCCTATAGTGTCAGGG-1,3
GCCTATGCTGGGCCTT-1,3
GCCTATTCCGATATAG-1,5
GCCTATTTGCTACACA-1,3
GCCTCATCTGGAAATA-1,4
GCCTCCGACAATTCAC-1,6
GCCTCTATACATAGCA-1,6
GCCTGCTACACTGAGA-1,3
GCCTTCAGCCCTACCG-1,3
GCCTTGTATATGCAGT-1,3
GCCTTTGTCAGTGGAC-1,6
GCGAAACGATCGGGAG-1,6
GCGAAACTTAACTGGA-1,5
GCGAAGAATCTGACGG-1,7
GCGAAGCCATACCCGT-1,5
GCGACATGTAAACATC-1,3
GCGACCCAACCATCTG-1,6
GCGACGATAGTTGTAC-1,6
GCGAGAAACGGGAGTT-1,3
GCGAGAGGCCATGTAA-1,3
GCGAGAGTTGCGTCCA-1,3
GCGAGCGCATGCTCCC-1,3
GCGAGGCCCGAGCAGA-1,5
GCGAGTTCTGCAAAGA-1,5
GCGATTCTGGAAGCAG-1,3
GCGATTGTTAACGTTA-1,5
GCGCAAATATATTCAA-1,6
GCGCAAGAGCGCGCTG-1,4
GCGCATCCAGTCAGCA-1,3
GCGCCGTTCCACGATA-1,5
GCGCCTCCCACTCCGA-1,5
GCGCGGTCTAGTAACT-1,7
GCGCGTCATTGGTACA-1,6
GCGCTAAGTATGCATG-1,3
GCGCTAATTGAATAGA-1,4
GCGCTATGCCGAGGCA-1,6
GCGCTCGATCACCTGT-1,3
GCGCTGATCCAGACTC-1,3
GCGCTGCTTTGCATTT-1,3
GCGCTTAAATAATTGG-1,6
GCGGACCGCGTTGTGG-1,6
GCGGAGAAACTTCGCA-1,6
GCGGAGAGGGAGAACG-1,6
GCGGCAAAGTATTGCC-1,6
GCGGCTCTGACGTACC-1,5
GCGGGAACCAGGCCCT-1,3
GCGGGCATTACGATGC-1,3
GCGGGCGAGCCTTACC-1,7
GCGGTAACCCAAATGA-1,3
GCGGTCCCTAGACGCA-1,3
GCGGTGAACTGCGCTC-1,3
GCGGTTCCCTATCATG-1,6
GCGTAAATGGCCATAA-1,3
GCGTCCCTAAGACATA-1,7
GCGTCGAAATGTCGGT-1,3
GCGTCGCCAGGGTGAT-1,7
GCGTCTCTGCATTGGG-1,5
GCGTGGTACTGGGTTA-1,3
GCGTGTATGTCGTATT-1,3
GCGTTATATTTGGAAC-1,5
GCGTTCGGAGACCGGG-1,3
GCTAAACCTGAGGTGA-1,5
GCTAACTGAAGTCTGA-1,6
GCTAAGTAAAGGCGAT-1,4
GCTAAGTAGTTTCTCT-1,4
GCTAATACCGAATGCC-1,4
GCTACAATCGAGGATA-1,6
GCTACAGTACGGACCG-1,5
GCTACGACTTATTGGG-1,5
GCTACTATAGTAGAGT-1,6
GCTAGACCGTCTACTG-1,4
GCTAGAGTAGAGATGT-1,6
GCTAGCACCTGGGCCA-1,3
GCTAGCAGGGAGTGGG-1,3
GCTAGCGATAGGTCTT-1,6
GCTAGCTTGAATAGCT-1,6
GCTAGGCACCACGGAG-1,6
GCTAGTAGAGCTTGTA-1,5
GCTAGTTTCATTGAGG-1,3
GCTATACGTCTCGGAC-1,6
GCTATCATACTCATGG-1,6
GCTATCGCGGCGCAAC-1,4
GCTCAACCTCTTAGAG-1,3
GCTCAATCCGTTTATT-1,6
GCTCAATGTAATACCG-1,7
GCTCATTACTGCATGT-1,3
GCTCCATGAGTGCAGA-1,5
GCTCCATGCAAAGCAA-1,7
GCTCCCAGTCGGTCCA-1,4
GCTCCGCTCGCTTCAG-1,4
GCTCCGGACGTTGATA-1,3
GCTCCTGACATACTGG-1,6
GCTCGACCGAACTGAA-1,3
GCTCGCGGTTCCGCTC-1,4
GCTCGCTCATGTCCAA-1,4
GCTCGGAATTTAAAGC-1,3
GCTCTAAACCCTGACG-1,3
GCTCTATGTTACGTGC-1,5
GCTCTCGGGTACCGAA-1,4
GCTCTTTCCGCTAGTG-1,7
GCTGAACTCTCCAGGG-1,3
GCTGAATCTTCCAATC-1,6
GCTGAGCAACGGTTCT-1,3
GCTGAGGCGTGAGTAT-1,5
GCTGCACGGTTTCTTA-1,5
GCTGCTAAGTAGTCGA-1,7
GCTGCTACTGCGTAGC-1,6
GCTGCTCTCCGGACAC-1,4
GCTGGACCCAAAGTGG-1,3
GCTGGCATATTCACCT-1,5
GCTGGCGGCGCATGCT-1,6
GCTGGTGACTCGTAGT-1,3
GCTGGTTTAGGCCATA-1,6
GCTGTATTACTGGCCC-1,6
GCTGTCTGTGATCGAC-1,3
GCTGTTGCTACCGAAC-1,4
GCTTAATGTAACTAAC-1,5
GCTTACGTAGTTAGTA-1,3
GCTTAGGGAAGCGGTA-1,3
GCTTATGAAGCAGGAA-1,4
GCTTCAGTGGGATTAC-1,3
GCTTCCGTCCCTAGAC-1,3
GCTTGATGATAATCAG-1,4
GCTTGCAGCACAATTG-1,3
GCTTGGATCGATTAGG-1,3
GCTTTCAGAGGAGGTG-1,3
GCTTTCTATCTCAACT-1,3
GCTTTGCTGCCGGGTA-1,3
GGAAACCTTGTTGAAT-1,3
GGAAACTAAATGGGCC-1,6
GGAAAGTGCCCATGCC-1,3
GGAACCCGAACAAGAA-1,3
GGAACCGTGTAAATTG-1,6
GGAACCTTGACTCTGC-1,6
GGAACGGCCTGCAGCC-1,4
GGAACTTTGGCGATTA-1,6
GGAAGATAAGACTGTA-1,3
GGAAGCTCGCTTACAG-1,3
GGAATAACCTCAAGAA-1,3
GGAATGCGCTAGCGTG-1,3
GGACAAGTTGCAGTGA-1,4
GGACACAAGTTTACAC-1,5
GGACCAACAGGATAAC-1,6
GGACCTACGGTAACGT-1,3
GGACCTCTAGGCCGCC-1,6
GGACGGCTTGCGCAAC-1,3
GGACGTCCATAGTTGG-1,3
GGACTCACAAATTAGG-1,4
GGACTCGACAGCGCAT-1,7
GGACTCGTGAGTGGTC-1,7
GGACTCTTCCGGTTGA-1,5
GGAGAAGTCATTGGCA-1,4
GGAGACCAATGTGCTT-1,3
GGAGACCATCTACATA-1,5
GGAGACGACACCTTTG-1,6
GGAGCAACATTTCAAG-1,6
GGAGCACCAAGAACTA-1,3
GGAGCGAGGCCTACTT-1,7
GGAGGATTGAAAGGAG-1,3
GGAGGCCGAAGTCGTC-1,3
GGAGGCGAAGAACCGC-1,3
GGAGGGCTTGGTTGGC-1,4
GGAGGGTCAAGTAAGA-1,6
GGAGTGCCGCCCTGGA-1,3
GGATACTCATGAATTG-1,3
GGATCAAAGGACGAGG-1,3
GGATCATCCCGTACGC-1,3
GGATCCGGAATATACT-1,4
GGATCTTACTGCCCTT-1,7
GGATCTTGACTCAACC-1,6
GGATGAAGATCGCTGA-1,5
GGATGACGCGAGTTTA-1,5
GGATGCTGGCGTTCCT-1,5
GGATGTCCTTACCGCA-1,3
GGATTAAGCTAAGGTC-1,3
GGATTCAGTACGGTGG-1,4
GGATTCCGCTATACCC-1,3
GGATTGCTGTGACTCC-1,6
GGATTTCACTTCTATA-1,3
GGCAAAGGCGCCAATA-1,6
GGCAAATTACTTTACT-1,6
GGCAAGCCAGGGATAG-1,3
GGCAAGCCCATAGTGG-1,7
GGCAAGGCGAAATAGC-1,6
GGCAATAGTCAATGAG-1,4
GGCACTCAGCCGACCC-1,5
GGCACTCCACTGGGCA-1,5
GGCAGCAAACCTATGC-1,5
GGCAGCGGTAATCCTA-1,3
GGCATACAGGTAGCGG-1,5
GGCATATCGGTTCTGC-1,3
GGCATCAACGAGCACG-1,3
GGCCCAATCTAGAGGG-1,3
GGCCCAGTTATCAGCA-1,3
GGCCCGGAGCATGTCT-1,3
GGCCCGTATACCATGC-1,3
GGCCCTCACCCACTTA-1,5
GGCCGAGACTCTGGTG-1,7
GGCCGGCGTCTGCTAT-1,7
GGCCGTTTGGGTTTCA-1,7
GGCCTGCTTCTCCCGA-1,6
GGCCTTTGCAACTGGC-1,5
GGCGAAATCTAACTTG-1,5
GGCGAACCGTTCTGAT-1,3
GGCGAGCGAAACGGCA-1,5
GGCGCAGGACATCTTC-1,5
GGCGCATGAATTGATG-1,6
GGCGCGGAGATCTTTC-1,6
GGCGCGTTCGAGTTTA-1,6
GGCGCTCCTCATCAAT-1,3
GGCGCTTCATTCCCTG-1,7
GGCGGAGTAATATTAG-1,5
GGCGGGCTCTAAGAGT-1,5
GGCGGTAGGATCATTG-1,4
GGCGGTTTGCCGGTGC-1,3
GGCGTACCCTATATAA-1,3
GGCGTAGGGAAAGCTG-1,7
GGCGTCCTATCCGCTG-1,5
GGCTAAAGGGCGGGTC-1,3
GGCTAATGATTGAAAT-1,3
GGCTACTATACACTCC-1,7
GGCTATTAAGTTGTAT-1,5
GGCTCCTCCACCTGTT-1,7
GGCTCGCGTTGAGGTA-1,3
GGCTCGTGCCACCAGC-1,4
GGCTCTGCTCCAACGC-1,3
GGCTGAAATAGCAAAG-1,6
GGCTGAGCATCGTAAG-1,3
GGCTGGCTAGCTTAAA-1,3
GGCTTTCAATAAGGGT-1,7
GGGAACGGGAGGTTAG-1,5
GGGAACGGTTTCAGAT-1,7
GGGAAGACGGTCTGTC-1,7
GGGAAGGGCTTTCTCA-1,6
GGGAATGAGCCCTCAC-1,3
GGGACAGAGTTACTCC-1,6
GGGACCCGTATATCTT-1,7
GGGACTGCATAGATAG-1,5
GGGAGAACTCACAGTA-1,4
GGGAGCGACCGTAGTG-1,7
GGGAGGATGCCCGAAA-1,5
GGGAGTAATGGCTGGC-1,3
GGGAGTTAATGAGGCG-1,4
GGGATACGGTAATAAT-1,3
GGGATGGTCGTAACCG-1,6
GGGATTTACCGCACCT-1,5
GGGCAACCGCACGTGC-1,6
GGGCACGTAGTACTGT-1,7
GGGCAGAGCAATCGTT-1,7
GGGCAGTCAACGCCAA-1,7
GGGCCCGTCTTAAACA-1,6
GGGCCCTACGAAAGGG-1,5
GGGCCGGCCGAAGTAC-1,4
GGGCCTAAATGGGCTA-1,5
GGGCCTATACAACCGG-1,3
GGGCCTATTTAAGTAT-1,3
GGGCGATATGTGTGAA-1,4
GGGCGCAGCGTTACTC-1,3
GGGCGGCAAATGAATT-1,6
GGGCGGGTTCCCTACG-1,6
GGGCGGTCCTATTGTC-1,3
GGGCGTACATTTATAT-1,4
GGGCGTCACCACGTAA-1,6
GGGCGTCCACTGGCTC-1,3
GGGCGTGGTTTCCCAG-1,7
GGGCGTTTACATTCAT-1,6
GGGCTATGATCGATGG-1,7
GGGCTCATCGAACCCA-1,3
GGGCTGCCTAGGGCGA-1,4
GGGCTGGTTAGTCGCG-1,5
GGGTAATGCTGTGTTT-1,3
GGGTACCCACGGTCCT-1,3
GGGTACTTCATGAACT-1,5
GGGTATGTATGCACTT-1,5
GGGTATTCTAGCAAAC-1,6
GGGTCACCGTGACGGT-1,5
GGGTCACGTGCTTATG-1,3
GGGTCACTGAGTAGTG-1,3
GGGTCAGGAGCTAGAT-1,7
GGGTCATGCGTACCAT-1,3
GGGTCGTGGCAAGTGT-1,3
GGGTCTATCGCTTTCC-1,6
GGGTGACACCTTAACT-1,6
GGGTGCATATGAAAGC-1,3
GGGTGGTCCAGCCTGT-1,3
GGGTGTTTCAGCTATG-1,3
GGGTTAACATTTGAGT-1,7
GGGTTCAGACGAACAA-1,3
GGGTTTAGGATAGGAT-1,4
GGTAAATGTGCGTTAC-1,3
GGTAACCGGGAGGATA-1,6
GGTAACTATGTATCTG-1,3
GGTACAAACATGCTAT-1,5
GGTACACCAGATTTAT-1,3
GGTACATCTGGGACGA-1,5
GGTACCATTAAGACGG-1,3
GGTACTAAGTGCTTTG-1,5
GGTAGAAGACCGCCTG-1,6
GGTAGACCGTTGGGCG-1,7
GGTAGTGCTCGCACCA-1,4
GGTATAGTGACACATA-1,3
GGTATTGCCGAGTTTA-1,5
GGTCAAGACTACTTCG-1,6
GGTCAGTGGGTCCCAC-1,6
GGTCATTGTAGTCATA-1,3
GGTCCCATAACATAGA-1,3
GGTCCTTCATACGACT-1,3
GGTCGGATAAACGGCG-1,3
GGTCGGCCAGGAGCTT-1,3
GGTCGGTAATTAGACA-1,3
GGTCGGTCGTCCACAG-1,7
GGTCGTAAGCTCGCAC-1,6
GGTCTCCAAGTAGTGC-1,4
GGTCTCCGTCCAGGTT-1,6
GGTCTCTGAATGGACT-1,6
GGTCTGAGAATCTGGA-1,3
GGTCTTGAGCGCTCTT-1,7
GGTGAAACCGGGAATG-1,3
GGTGAACGGGCTAGCC-1,3
GGTGAAGTACAGGGAT-1,6
GGTGAGATGCAGATAA-1,3
GGTGATAAGGAGCAGT-1,5
GGTGATTTCATCTTGT-1,3
GGTGCAGAGCCTATCG-1,3
GGTGCATAAATGATTA-1,7
GGTGCGGATAAGTGGC-1,3
GGTGCTGATCACAAAG-1,5
GGTGCTGGTACACATT-1,6
GGTGGACCACGTGTTA-1,3
GGTGGACTGCTCTGGC-1,6
GGTGGAGGTTGATACG-1,3
GGTGTAAATCGATTGT-1,7
GGTGTTCTGTTTCTAC-1,3
GGTGTTGGGCGTCTTA-1,4
GGTTACCACCCTCGGG-1,6
GGTTACCCGACACTTT-1,3
GGTTAGCTATATGTCT-1,5
GGTTAGGCTTGGAGAA-1,5
GGTTAGTTACGGCGCC-1,5
GGTTCCACCCGCTTCT-1,3
GGTTCCCTAGTGTCTC-1,3
GGTTCGATGCTGAGTT-1,3
GGTTCGGATTATACTA-1,5
GGTTCTACTCGTCTGA-1,3
GGTTGTGCTCTTGTCC-1,3
GGTTGTGTAGCCTGGC-1,5
GGTTTAATTACCATCG-1,7
GGTTTAATTGAGCAGG-1,3
GGTTTACAATCTCAAT-1,3
GGTTTAGCCTTTCTTG-1,5
GGTTTCAATCGGTCAG-1,3
GGTTTGACAAGAAGCT-1,3
GGTTTGAGTGCTGGAA-1,3
GGTTTGCGAACACGTA-1,3
GGTTTGTGACCTGAGG-1,6
GTAACAACTGACCTTG-1,3
GTAACATCAGCTCATC-1,3
GTAACATCTAAGATAA-1,6
GTAACTGCCCAAGGAG-1,7
GTAACTTGCGGCAGTC-1,3
GTAAGCGGGCAGTCAG-1,3
GTAAGGATTTGTCGGA-1,3
GTAAGTAACAGTCTGG-1,5
GTAAGTAGGGTATACC-1,5
GTAAGTCCACACTCTA-1,3
GTAATAAAGGGCTCCC-1,3
GTAATCTGATTCTTCG-1,6
GTACACTTACCTGAAG-1,5
GTACAGAGGCAAGGGT-1,4
GTACGACGGCGCTGCG-1,3
GTACGAGATTGCGACA-1,3
GTACGCTTCATTGCAC-1,6
GTACGTCACGTATTAA-1,3
GTACGTTTGCCCGTCA-1,6
GTACTAAGATTTGGAG-1,4
GTACTCCCTTATCGCT-1,5
GTACTCCTGGGTATGC-1,3
GTACTGAGGTCGTAAC-1,3
GTACTGCATGAAGCGT-1,3
GTACTGGAGTTAGACC-1,4
GTACTTGGGCACTTCT-1,3
GTAGAAACGGGTGGAG-1,4
GTAGACAACCGATGAA-1,3
GTAGACACGCCTGACT-1,7
GTAGACGTCGTTACAT-1,3
GTAGAGGGAGACAAGT-1,6
GTAGCCAAACATGGGA-1,6
GTAGCGCTGTTGTAGT-1,3
GTAGCGGCTATACACT-1,5
GTAGCTAGTAAGCGCG-1,3
GTAGCTCCGGGAGGCT-1,7
GTAGCTTCCTCTTGTT-1,3
GTAGGTGATCCGTGTA-1,3
GTAGTCGCGGGAATCA-1,6
GTAGTCTACGATATTG-1,7
GTAGTTAGACAATATA-1,3
GTAGTTCGAAGGCGAA-1,7
GTATAATCTCCCGGAT-1,3
GTATAGGACTCAGTAG-1,3
GTATAGTGGCCCATGT-1,3
GTATCAAACGTTAGCT-1,6
GTATCAGCTTGGGTTC-1,4
GTATCCTTTGGTAACC-1,6
GTATCTCAGTCTTGAC-1,6
GTATCTTTCATAACCA-1,6
GTATGAAATTTCACTC-1,6
GTATGACGTGGGAAAC-1,3
GTATGTGGGTCTAGTT-1,4
GTATTAAGGCGTCTAA-1,4
GTATTAGGGTTCGCGT-1,3
GTATTCTGAGAAACGA-1,6
GTATTTAATGGCATAA-1,5
GTCAAAGAAGTGGTGT-1,6
GTCAAAGTTTACATAG-1,3
GTCAACCAGGCCTATA-1,6
GTCAAGCGGACTCGGG-1,5
GTCAATTGTACTGAAG-1,3
GTCACAAAGTTTCCAA-1,3
GTCACCTGTCTATGTC-1,3
GTCACTCTCCAAATCT-1,5
GTCAGAATAGTCTATG-1,5
GTCAGTTGTGCTCGTT-1,3
GTCAGTTTGGTAGTCG-1,4
GTCATGCACCTCCGTT-1,4
GTCATGCGCGAGGGCT-1,6
GTCATGGACATGACTA-1,3
GTCATTAGAGCGAACG-1,5
GTCATTGCATTGACCC-1,5
GTCCAATATTTAGCCT-1,7
GTCCACGTCGCATTCG-1,6
GTCCAGGCACGTGTGC-1,7
GTCCATTACTGCTACG-1,4
GTCCCAACGTAAAGTA-1,4
GTCCCGCGACGTTATG-1,6
GTCCGAGAGCAATCAT-1,4
GTCCGGACCTGAAATT-1,6
GTCCGGCTGAATTGCG-1,5
GTCCGGGTTCACATTA-1,7
GTCCTACAGGCGGCTC-1,3
GTCCTACGAATAGTCT-1,6
GTCCTATTGTTGTGGT-1,4
GTCCTTCTACAACCCA-1,3
GTCCTTCTAGTGGGTT-1,3
GTCCTTTAATGACTTC-1,3
GTCGATAGGTGACTTT-1,5
GTCGCCGTTGTGTGTT-1,7
GTCGCGTAACCCGTTG-1,5
GTCGGAAGGATACCAG-1,3
GTCGGATATCTCAGAC-1,5
GTCGGATGTAGCGCGC-1,3
GTCGGGAAGCAGAAAC-1,7
GTCGTACCATCTCGGG-1,6
GTCGTACCTACGATTG-1,5
GTCGTATTGGCGTACA-1,3
GTCGTCAATTATAAGG-1,3
GTCGTCTGGTTGGCTA-1,3
GTCGTGTCTGGTCATC-1,3
GTCGTTATTCGCTTAT-1,6
GTCTAAGATGCCCAGC-1,3
GTCTACTCAATTACAA-1,5
GTCTAGTGAGCCGCTT-1,6
GTCTATCTGAGTTTCT-1,6
GTCTATTGCATGCTCG-1,6
GTCTATTGGTTCCGGT-1,6
GTCTCAAGGCCCGGCT-1,7
GTCTCCTGCCAGTATG-1,6
GTCTCGACTAAGTTTG-1,3
GTCTCGATCTGCTTTC-1,3
GTCTGGGCGGTCGAGA-1,6
GTCTTAGTACAGCCGG-1,3
GTCTTGAGGAGCAGTG-1,3
GTCTTGTAGCTATTCA-1,4
GTGAAACGGCGCCACC-1,3
GTGAAACGTGCTCCAC-1,3
GTGAACTCCCATTCGA-1,3
GTGAAGATTTCAAGTG-1,3
GTGAAGCCGTATAGTC-1,3
GTGAAGTCACGACTCG-1,5
GTGACAGCTTCCCACT-1,7
GTGACCGCACACTACG-1,4
GTGACCTAAAGAATAA-1,3
GTGACGAGGGTGACCC-1,3
GTGACGCAGGTTTCAT-1,7
GTGACTTCAGTAGTGC-1,6
GTGAGATAACCTTATA-1,7
GTGAGCGTGCTGCACT-1,5
GTGAGGACACTTAAGG-1,5
GTGAGGAGCGGTTGAG-1,3
GTGAGTCTAAGACGGA-1,4
GTGAGTGGTACAACGC-1,6
GTGATCAAGCGTGCAC-1,6
GTGATCACTAACGCCT-1,5
GTGATCATAGATCTGC-1,6
GTGATCCTTGTCATGA-1,7
GTGATGCACAACATCT-1,3
GTGATTCGCCGCTCAA-1,6
GTGCAACAAATGTGGC-1,3
GTGCACCAGCTTCAAC-1,7
GTGCACGAAAGTGACT-1,3
GTGCAGCGTAGAGTAG-1,5
GTGCCATCACACGGTG-1,6
GTGCCCGTTCGGATTC-1,5
GTGCCGCTTCAAAGGT-1,6
GTGCCTAGCTATGCTT-1,3
GTGCCTCAGTGTACGG-1,3
GTGCCTGAGACCAAAC-1,7
GTGCGAAATCGAACAC-1,6
GTGCGACAGGGAGTGT-1,3
GTGCGCAGCTTGCTCC-1,3
GTGCGGGTCTCCAAAT-1,3
GTGCGTGTATATGAGC-1,5
GTGCTCAAGTACTGTC-1,5
GTGCTGCAGATAAGGA-1,5
GTGCTTACATCAGCGC-1,4
GTGGAACCTACATGCG-1,3
GTGGACCAACCCGATT-1,6
GTGGACGCATTTGTCC-1,7
GTGGACGTGCTGAGAC-1,3
GTGGAGCATGTCGGCC-1,3
GTGGAGCGTTTACCGA-1,6
GTGGAGTCGGCGGTTG-1,6
GTGGCAAACAGCGGCA-1,6
GTGGCGGTCCCAGCGT-1,5
GTGGCGTGCACCAGAG-1,3
GTGGGAAGACTGAATC-1,5
GTGGGCTTAGACACAC-1,5
GTGGTATAGTCTGCCG-1,7
GTGGTCAGCGAAGTAT-1,3
GTGGTGGCCAAGTGAA-1,5
GTGGTTACTTCTTTCG-1,3
GTGGTTTCCGCCTTTC-1,6
GTGTACCTTGGCTACG-1,3
GTGTATATCAGCGGGC-1,7
GTGTCAGTGTACGTGG-1,7
GTGTCCGATAAGGCAT-1,3
GTGTCGTATAGCGTTC-1,6
GTGTCGTATTCACCTT-1,3
GTGTGAATAACTTAGG-1,3
GTGTTACTATGCGTCC-1,5
GTTAAAGTAGGACTGG-1,6
GTTAACATCACTTAAA-1,6
GTTAACTATGTTGTCA-1,4
GTTAAGGGTGCGATGT-1,7
GTTAAGTTAGAGTGGG-1,3
GTTAATGTCTATCTTA-1,4
GTTACAATTGGTGACG-1,5
GTTACCTACAACTTGC-1,6
GTTACTTTGGGCCTAG-1,6
GTTAGAGTGTGCCGCT-1,3
GTTAGCCCATGACATC-1,7
GTTAGCCGTAAATCAA-1,3
GTTAGGCTACCCGTTT-1,6
GTTATAATACGGTGAA-1,5
GTTATATCAGGAGCCA-1,3
GTTATATTATCTCCCT-1,6
GTTATCACCTTCTGAA-1,3
GTTATTAAATACGACC-1,3
GTTATTAACGTGGGAG-1,4
GTTCAATCTATGTCAA-1,3
GTTCACAGGAGTCTAG-1,5
GTTCATCGTTTGGCTG-1,3
GTTCCAGTCTGACCAT-1,3
GTTCCCGTAAACATAT-1,6
GTTCCGTCCGCCTGCA-1,7
GTTCGCCATAAGTGCC-1,5
GTTCGCTGAGACGTCT-1,5
GTTCGGAGCACTCAAC-1,6
GTTCGGATCGGGAACA-1,4
GTTCGGGCGTACCATT-1,3
GTTCGTCTAAAGAACT-1,6
GTTCTTCCCTCGATGT-1,3
GTTGAACCGGTTCCAT-1,6
GTTGAGTCCCGCCGGT-1,6
GTTGCACGGAGTTTCG-1,4
GTTGCGCTAACATTAC-1,3
GTTGCGGACGGTCAGG-1,5
GTTGGACCGCATCAGG-1,3
GTTGGATTCAGTGGCT-1,3
GTTGGATTGAGAACAC-1,3
GTTGGATTTGCGTTGG-1,5
GTTGGTCATGCTATCC-1,7
GTTGTCGTGTTAGTTG-1,3
GTTGTTACATTGCGCT-1,3
GTTGTTGCAAGATGGC-1,6
GTTTACGTTCCATCTG-1,6
GTTTATGGGATTTAGA-1,3
GTTTCAAACGAGTTGT-1,6
GTTTCATATCGTCGCT-1,5
GTTTCCTGGAGGGTGA-1,4
GTTTCTGCAGTCTCCC-1,5
GTTTGACCAAATCCTA-1,5
GTTTGGCCCAAGTTAT-1,5
GTTTGGCCGCTCAGCG-1,3
GTTTGGCGTCAGGCAC-1,3
GTTTGGGCTTGTGAGC-1,6
GTTTGGGTTTCGCCCG-1,6
GTTTGGTAGGGTCAAC-1,6
GTTTGGTGATCGGTGC-1,7
TAAACCCAGGAGGGCA-1,6
TAAACGTCGTCAATGA-1,3
TAAAGACAACCCTTTA-1,3
TAAAGAGCCCGAAACC-1,3
TAAAGCGGTATTTCCA-1,7
TAAAGCGTTAGGAGAA-1,3
TAAAGCTGCAATAGGG-1,3
TAAATCTTTACACCTC-1,3
TAAATGAATCCGTTTC-1,5
TAAATGCCGTCTCATG-1,3
TAACAAAGGGAGAAGC-1,4
TAACAATATTTGTTGC-1,5
TAACAGCGTTTGTGCT-1,7
TAACATACAATGTGGG-1,5
TAACATACACGCGATC-1,6
TAACCGCCCGCAGTGC-1,3
TAACCTACCGTCCGAG-1,3
TAACCTAGGGAGTCCA-1,6
TAACGCTTTGAGAGCG-1,5
TAACTATCGAAGGTCC-1,5
TAACTATTACGCCAAA-1,3
TAACTCATCCGCGCGG-1,6
TAACTCCATGGAGGCT-1,4
TAAGAGGGACAGGGAC-1,6
TAAGCAGGCGACACGC-1,5
TAAGCCCTTACGACCA-1,3
TAAGCGCGAATCAAAT-1,6
TAAGGAACTTGTGGGA-1,3
TAAGGCAACATAAGAT-1,3
TAAGGCATAACATCAA-1,7
TAAGGCCCGTCACCCT-1,7
TAAGGCTGAATCCCTC-1,5
TAAGGGCCTGTCCGAT-1,6
TAAGGGCTGGGAGAGG-1,5
TAAGTAAATGTGCCGC-1,3
TAAGTAACATCTTGAC-1,6
TAAGTCGCCGAGTATC-1,6
TAAGTTGCGACGTAGG-1,6
TAATAAACAAGGAGAT-1,3
TAATACACAGTAGTAT-1,3
TAATACTAGAACAGAC-1,7
TAATAGAACAGAGTTA-1,6
TAATAGGTCACCAGAA-1,6
TAATAGTGACGACCAG-1,3
TAATATTGAAATTCGC-1,3
TAATCAACCAAATGGG-1,5
TAATCAGGAATGCTGC-1,3
TAATCGATCCGTACGT-1,3
TAATGAAAGACCCTTG-1,4
TAATTACGTCAGTAGA-1,6
TAATTAGATGGATATG-1,3
TAATTAGGACATCCGT-1,4
TAATTGGAATCGGGAA-1,3
TACAAATTGCGGAGGT-1,3
TACAACGCACAACTCA-1,6
TACAAGCTGTTCACTG-1,3
TACAAGTCTCGTGCAT-1,5
TACACCGTCGTTAGTC-1,3
TACAGAAACGGTGGGC-1,6
TACATAGGCATACACC-1,5
TACATCCCTATCCCTG-1,5
TACATGCCGGAATTGT-1,5
TACATTTCTAACGTGC-1,5
TACCAAATAGCCCAGA-1,7
TACCAATAAAGTACCA-1,6
TACCAGAAGTAGGTTC-1,6
TACCAGCTAGGTTTAA-1,3
TACCAGGAATCCCGTC-1,7
TACCGAATAATTGTAA-1,6
TACCGCGGACTTGCAG-1,3
TACCGGCTCACTGCCC-1,6
TACCGGTCGTTTCCAT-1,6
TACCGTAGGTTAACTA-1,7
TACCGTGCCTCGGACC-1,6
TACCTACTCCCAGTAT-1,7
TACCTCACGCTTGTAC-1,3
TACCTCAGTTGTCTGT-1,7
TACCTCCACACCAATG-1,6
TACCTGCTGCACTGTG-1,5
TACCTTAAGATTTCCC-1,6
TACGAACACGACTTCA-1,5
TACGACGCTTGCTGCG-1,6
TACGACTGCCTCTTAG-1,6
TACGAGAACTTCACGT-1,5
TACGATCCAAGCCACT-1,3
TACGATGTTGATCATC-1,5
TACGCAGTTCTTTCCT-1,6
TACGCCATATTCTAAT-1,5
TACGCCGAGGGTACCC-1,6
TACGCCTCCATTCCGA-1,7
TACGCTATAGAAACCT-1,3
TACGCTCGGTATTGGA-1,6
TACGCTGCTGTGTTAA-1,6
TACGGAAGCCAAACCA-1,7
TACGGCATGGACGCTA-1,6
TACGGGATGCTAGCAG-1,3
TACGTAAAGCGGAGTG-1,6
TACGTACTAGTGCTGA-1,7
TACGTGCACTATGCTG-1,4
TACGTGGGCCCAGGGC-1,7
TACGTTTACCGGCAAT-1,6
TACTATGGTTCCTCAG-1,7
TACTCCTCTAGTTGAC-1,7
TACTCGGCACGCCGGG-1,5
TACTCTCCGAACAAAT-1,3
TACTCTTACTTTACTG-1,6
TACTCTTTCGTCTTCA-1,7
TACTGAACAGATTTAG-1,7
TACTGCAATCAATTAC-1,3
TACTGGACAGCTCGGC-1,5
TACTGTTTCTCTGGTA-1,4
TACTTAAACATGTACA-1,6
TACTTGTTAGTAGTCC-1,4
TACTTTACTGAGCCGG-1,3
TACTTTCCGCACGCCA-1,6
TAGAAACCACTAAGTA-1,3
TAGAAAGGTGGCGCTA-1,3
TAGAAATTCACGTATA-1,5
TAGAATAGCCGATGAA-1,6
TAGAATTAAGGGCAAC-1,3
TAGACGAAACGCCAAT-1,7
TAGACGCCCGTACCGG-1,3
TAGACTACCTAGCGTT-1,3
TAGAGATCATGCAACT-1,6
TAGAGCTACGAAGAAC-1,3
TAGAGGTTCTACTTGT-1,6
TAGAGTCTAAGCGAAC-1,5
TAGATATGGACTGGAA-1,6
TAGATCCGAAGTCGCA-1,3
TAGATGGTTCCTTACT-1,6
TAGATTCAAAGTGCGG-1,7
TAGATTCCTGGTTATT-1,5
TAGCAACCTGTCACAA-1,4
TAGCAGTAAATACGCG-1,3
TAGCAGTATGACTAAA-1,6
TAGCCATTTCAAAGTC-1,5
TAGCCGGCGGTCAGCG-1,3
TAGCGTCCCTCGATTG-1,4
TAGCGTCCGGTGTGGT-1,6
TAGCGTTGGGTCTTAC-1,5
TAGCTAAGTCCGGGAG-1,4
TAGCTAGAAGGCATGA-1,6
TAGCTAGTGATGATGG-1,7
TAGCTCAGATCCTAGT-1,3
TAGCTCGCCTGATAAC-1,6
TAGCTGATGTGAAGCG-1,5
TAGGAACAGCCTCCAG-1,3
TAGGCATGTTACGCCA-1,3
TAGGCCTATATAGTCT-1,6
TAGGCGATGAGGTCTC-1,6
TAGGCGGCTGCAAAGA-1,6
TAGGCTAAAGTGGCAC-1,6
TAGGGAGCTTGGGATG-1,3
TAGGGTGTTTCAAGAG-1,3
TAGGTCCAAGTAAGGA-1,5
TAGGTCGCCGGAACTG-1,3
TAGGTGACGATAACCT-1,7
TAGGTGAGCCCTACTC-1,5
TAGGTGCTCGCCTAGC-1,5
TAGGTGTTCCACAGAT-1,7
TAGGTTCGAGTTCGTC-1,5
TAGTACCACAACTTTC-1,6
TAGTACCTTAGTGGTC-1,4
TAGTAGCTTATACCAG-1,7
TAGTCCCGGAGACCAC-1,7
TAGTCCGCAGAGAATG-1,5
TAGTCCGTATGCATAA-1,3
TAGTCGATCACGGGTT-1,5
TAGTCTAACAACGAGA-1,6
TAGTCTGTGACGTTGC-1,3
TAGTCTTTCCGAATTG-1,5
TAGTGCCCTCCAGAGT-1,5
TAGTGGAACTCATACA-1,3
TAGTGTCAGAAACGGC-1,4
TAGTTAAGATAGGATA-1,3
TAGTTTATTCTTGCTT-1,3
TATAAATCCACAAGCT-1,4
TATAAGTGAGGATAGC-1,4
TATACACAGACGCCTT-1,6
TATACACGCAAAGTAT-1,3
TATACCGAGTGCCACA-1,5
TATACGCGTCATCACT-1,7
TATACTCATGCGGCAA-1,3
TATAGAGTCGCTTGAA-1,7
TATAGATGGTCGCAGT-1,4
TATAGCGCACGTTATC-1,5
TATAGGGTACTCATGA-1,5
TATATAGGGCTTTACG-1,7
TATATATCGAGAAATG-1,6
TATATCATTGATCAGT-1,4
TATATCCCTGGGAGGA-1,3
TATATGCTGGGTTGCC-1,3
TATATTACAAATGTCG-1,3
TATATTCGCGTCGATA-1,3
TATCACAGCACGGGCA-1,3
TATCACCATGTAAAGT-1,3
TATCACCCAACCGACC-1,3
TATCACTTCGAGTAAC-1,3
TATCAGTGGCGTAGTC-1,6
TATCCAATTGGTTATC-1,6
TATCCATATCATGCGA-1,3
TATCCATCTCGGTTAG-1,6
TATCCGCACCGTCGGG-1,7
TATCCTATCAACTGGT-1,7
TATCCTGCATGGGAAT-1,3
TATCGATCTATGCATA-1,3
TATCGATGATTAAACG-1,4
TATCTACAGAGGTAAT-1,5
TATCTACCACAGCGGG-1,6
TATCTAGCCTAAAGGA-1,5
TATCTGAGCCGATATT-1,6
TATCTTGCAATACAAC-1,6
TATGAAGAATTAAGGT-1,6
TATGAAGACAGGTGCG-1,5
TATGATAAATCTAACG-1,3
TATGATCCGGCACGCC-1,3
TATGATCTTCTCTTTA-1,6
TATGCTCCCTACTTAC-1,3
TATGGAGTTTCTCGTT-1,3
TATGGATGTGCTACGC-1,4
TATGGCCCGGCCTCGC-1,5
TATGGGACCGAGCAGG-1,5
TATGGGTACGTATCGT-1,5
TATGGTCTGAGTAACA-1,5
TATGGTTAGTGGGAGA-1,4
TATGTAAAGTGCTTAA-1,7
TATGTCAAGACCGACT-1,3
TATGTCTCATTGTGCC-1,3
TATTAACACCAAAGCA-1,6
TATTAACCTGACCGCG-1,7
TATTACCATCCTGCTT-1,4
TATTATGTTTGCCTGC-1,6
TATTCAATTCTAATCC-1,4
TATTCCACTCAGCTCG-1,6
TATTCCGAGCTGTTAT-1,6
TATTCCGGCAGTCCTA-1,3
TATTCCTCCGCCCACT-1,6
TATTCGTGCCAGAATA-1,5
TATTGACATTTCTGCC-1,3
TATTTAGTCTAGATCG-1,3
TATTTATACCGAGTAG-1,3
TATTTGATTTGCACAG-1,5
TATTTGTTACCCTTTA-1,4
TCAAACAACCGCGTCG-1,3
TCAAACAATTAGGACA-1,3
TCAAACTTAGATTGTT-1,4
TCAAATTGTTGTGCCG-1,7
TCAAATTTGAGACTCA-1,7
TCAACAAAGATAATTC-1,6
TCAACACATTGGGTAA-1,3
TCAACATAGCGCCCTA-1,7
TCAACATCGACCGAGA-1,5
TCAACCATGTTCGGGC-1,4
TCAACGAGGAGACAAA-1,6
TCAACGCAGGAAATAA-1,6
TCAACGCGACCGGCAG-1,5
TCAACTAACGTATAAC-1,5
TCAACTGCAGAGTCAG-1,6
TCAAGAAATACTAGCT-1,3
TCAAGCGCGGACGGTA-1,6
TCAAGGTTACTACACC-1,5
TCAATACGCCGTCATG-1,7
TCACAAACCGAGGTAC-1,6
TCACAGATCCTCAAAC-1,3
TCACAGCAAACTCGAA-1,6
TCACAGGAGAATAAGA-1,7
TCACAGGGAATCGCAA-1,6
TCACAGGTTATTGGGC-1,5
TCACATCTTATCTGAT-1,5
TCACCCTCTTAAGATT-1,6
TCACCGCTCGGCACTC-1,3
TCACGATGTCCGTGGA-1,6
TCACGCATTGTAGATC-1,5
TCACGGCCCAAGAGAG-1,6
TCACGGTCATCGCACA-1,4
TCACGTGCCCGATTCA-1,5
TCACTACGACCAATGC-1,3
TCACTCGTGCAACGGC-1,3
TCAGAACCTCCACAGG-1,3
TCAGACGCTATAGAAG-1,6
TCAGATGGAGACGTAG-1,3
TCAGCAAATGCATCTC-1,4
TCAGCAGTAGGCCCTG-1,7
TCAGCCAATCCGTAAA-1,6
TCAGGGCGCAAACTCG-1,4
TCAGGGTGCACGAAAC-1,3
TCAGGGTGTAACGTAA-1,3
TCAGGTTCTTTGAGAA-1,5
TCAGTACTGACCCGCG-1,5
TCAGTAGGGACTATAA-1,6
TCAGTGTATACGTCAT-1,7
TCAGTTACGGAATGAT-1,3
TCATACTTACAGATCC-1,4
TCATATGAGCTTTGTT-1,7
TCATCACTCGAGCTCG-1,3
TCATCCCAGAGGGTGG-1,3
TCATCCTCAGCTGCTT-1,7
TCATCGATGGTCCCAA-1,6
TCATGCAGGTTCTCAT-1,3
TCATTCGTATAATTTG-1,3
TCATTTAAGTCTCCGA-1,3
TCATTTAGAAGTGTGA-1,5
TCCAACTCAGCTATCT-1,6
TCCAACTTTAAATTCT-1,6
TCCAAGCCTAGACACA-1,7
TCCAATAAAGGCTACC-1,7
TCCACAATGGTTTACG-1,5
TCCACATCGTATATTG-1,7
TCCACCTCTAGCCTTT-1,7
TCCACTTTATCTAGGT-1,3
TCCAGAGCACCGGTTC-1,5
TCCAGATGTACGCCAA-1,3
TCCAGCGCTATAAGCG-1,5
TCCAGGCGAGTACGGT-1,5
TCCAGGGTATATACGA-1,7
TCCATCAATACTAATC-1,6
TCCATTAGTTGGATAG-1,3
TCCATTCCCACTAGAG-1,3
TCCATTGTGACCTCGT-1,3
TCCCAAACAGACAACG-1,3
TCCCAAAGACGAAGGA-1,4
TCCCAAAGCCCTAAAT-1,3
TCCCACGGAGGGAGCT-1,3
TCCCACTCTCTTCCGG-1,3
TCCCAGCACACGACAT-1,5
TCCCAGCTTTAGTCTG-1,5
TCCCAGGCTTAGCTAA-1,5
TCCCGCCTATGTGCGT-1,3
TCCCGCGTACTCCTGG-1,3
TCCCGGGTGTGCTGCT-1,5
TCCCGGTCAGGAATTT-1,3
TCCCGTCAGTCCCGCA-1,3
TCCCGTCGCGTCATAG-1,3
TCCCGTGTGCAATTTG-1,5
TCCCTAGATCAATAGG-1,3
TCCCTCTTCTCAAGGG-1,6
TCCCTGGCGTATTAAC-1,6
TCCCTGGCTCGCTGGA-1,5
TCCCTTAGATTACTCG-1,3
TCCGAACGTTGCCGCT-1,5
TCCGAACTTGGCTTAC-1,5
TCCGAAGTAGTCACCA-1,3
TCCGAATGGTCCTGAG-1,3
TCCGAGAAGGCTAAGC-1,3
TCCGATAATTGCCATA-1,3
TCCGATGACTGAGCTC-1,3
TCCGATGGTGCGACAT-1,4
TCCGATTACATTGCCG-1,5
TCCGCCTGTCTACAAG-1,6
TCCGCGGCAGCATCTG-1,4
TCCGCGGCCCAATGAA-1,6
TCCGCTGTCATCCCGG-1,6
TCCGCTTATCCCATTA-1,6
TCCGGAGGAAGGGCTG-1,3
TCCGGCCTAGCGTACA-1,3
TCCGGCCTGCATCGAT-1,3
TCCGGGCTTGACGGGA-1,6
TCCGGTTCGTCCGGTC-1,6
TCCGTAACCACAATCC-1,3
TCCGTTAAGCTAATAT-1,6
TCCGTTTAGCCTTGAA-1,3
TCCTAAAGATTCAGAC-1,7
TCCTAAATTGGGAAGC-1,7
TCCTAACCGTCGGGCA-1,7
TCCTACATCCACGGCC-1,5
TCCTAGCAAAGAAGCT-1,6
TCCTATCATAGGTAAC-1,4
TCCTCCTAAGACATTC-1,6
TCCTCGGGCTGGGCTT-1,5
TCCTCTACGAGATGGC-1,5
TCCTCTCCAGTTGTCC-1,5
TCCTCTGGCCCATTAG-1,3
TCCTGCCAACTGGAGA-1,3
TCCTGCGTTGATACTC-1,5
TCCTGGCGCTGCCTGG-1,3
TCCTTACGACGGTCCG-1,5
TCCTTCAGTGGTCGAA-1,3
TCCTTGTCCTTTAATT-1,7
TCCTTTAAATCCGCTT-1,6
TCCTTTCTTACGCTTA-1,4
TCGAAATTTAGGACCA-1,5
TCGAAGAACCGAGCAC-1,5
TCGAATATCCCGCAGG-1,6
TCGACAACTGAACCCG-1,6
TCGAGACCAACACCGT-1,5
TCGAGCCAGGCAGGCC-1,7
TCGAGGGCAACAGACG-1,5
TCGATAGGCTAGTCGC-1,3
TCGCAAAGATGCATTT-1,6
TCGCACCAGGAGGCAG-1,6
TCGCATAAAGGGCGCA-1,6
TCGCATCCCTAAGTGT-1,3
TCGCATTCAATGACTT-1,3
TCGCCCAACTGACTCC-1,3
TCGCCGAAGTTGCGTC-1,6
TCGCCGACATATTCGC-1,7
TCGCCGGTCGATCCGT-1,3
TCGCGTAGCAGTGTCC-1,6
TCGCGTCCAGAAGGTC-1,5
TCGCTAAACCGCTATC-1,3
TCGCTACTGGCTTTGA-1,7
TCGCTCGATATATTCC-1,4
TCGCTCGGCACCAGCG-1,3
TCGCTGCCAATGCTGT-1,7
TCGCTGGGCGGATTGT-1,3
TCGCTGTGCGTAAATC-1,3
TCGCTTAATTACGAAG-1,3
TCGCTTTAAACGTTTG-1,3
TCGGAATGACCATCAA-1,3
TCGGAATGCGCTCTGA-1,5
TCGGACGCCCAGCCCA-1,4
TCGGAGAGTATCGGGA-1,6
TCGGAGTACATGAGTA-1,4
TCGGCGAACCCAAACC-1,5
TCGGCGGTATTAGATT-1,3
TCGGCGTACTGCACAA-1,6
TCGGCTAACTTCCCTT-1,3
TCGGCTTGTATCGACG-1,6
TCGGGAACGTGCCTAG-1,3
TCGGGAGACAGCGTAC-1,7
TCGGGATTCAAACATA-1,5
TCGGGCCGTCGTGGTA-1,5
TCGGGTGAAACTGCTA-1,3
TCGGTCCCGACAATAG-1,6
TCGGTCCCTGACTCCA-1,3
TCGGTGACCGCTCCGG-1,3
TCGGTTAGCCATGTAG-1,3
TCGTAAGACGACATTG-1,3
TCGTAAGCTCCGAGGA-1,3
TCGTACCGACGTCAAG-1,7
TCGTATAGTGCAATTA-1,3
TCGTATCACCAAGCTA-1,3
TCGTATTACCCATTGC-1,5
TCGTATTTCGTCCGGA-1,3
TCGTCAAGTACGCGCA-1,7
TCGTCACACTGTTAGC-1,5
TCGTCCGCTGGCGTCT-1,4
TCGTCCGGGTACACTC-1,3
TCGTCTTAGGCGTTAA-1,6
TCGTGTACTATGGATG-1,6
TCGTGTATTGGTCACG-1,5
TCGTGTCACGCTGACA-1,6
TCGTGTTCGACCACAA-1,6
TCGTTAGGAGTCCCTA-1,6
TCGTTCGTTATTATGT-1,3
TCGTTGCTATCCGGTC-1,7
TCGTTGGCTCGTCAAT-1,3
TCTAAAGAACAGTCTC-1,6
TCTAACTGTATGTAAA-1,4
TCTAATACTGCCTCAG-1,6
TCTACACGTTCATGCA-1,3
TCTACCCAATAGAGAG-1,6
TCTACCGTCCACAAGC-1,3
TCTACGGGCTCAGTTG-1,3
TCTAGCAATCTCCGCC-1,6
TCTAGCATCTTCGATG-1,4
TCTAGCATGCCCAGAA-1,6
TCTAGGTGGCGACGCT-1,3
TCTAGTGATATCGTGG-1,5
TCTAGTTATCAGAAGA-1,5
TCTATAGGTGGGTAAT-1,6
TCTATCATGCAGTTAC-1,3
TCTATCGGTCGCAACA-1,3
TCTATGCTATAACGAC-1,6
TCTATTACGCTGGCGA-1,3
TCTATTACTAGAGGAT-1,5
TCTCATGAGATAGGGT-1,6
TCTCCAACGTAGGTTA-1,3
TCTCCACAAGTTGAAT-1,6
TCTCCCTGGGCAGCGT-1,6
TCTCGAACGAGGTCAC-1,3
TCTCGACGTATCGCCG-1,4
TCTCGAGGAGGTTCGC-1,5
TCTCGGCTCCAGGACT-1,3
TCTCTAATAGCTGGTA-1,3
TCTCTCGCCGCACATA-1,5
TCTCTTACCGCGAACC-1,7
TCTGAACCGGTCGGCT-1,4
TCTGAACTCGTACCCG-1,5
TCTGAAGCACGTGGTC-1,6
TCTGAATTCCGTACAA-1,3
TCTGACGGGCTAACCC-1,3
TCTGAGCAATTGACTG-1,5
TCTGATCGGGTGCTAG-1,3
TCTGATGTATTCTGTC-1,6
TCTGATTGGAAATGGA-1,3
TCTGCATACCTTGCTT-1,6
TCTGCCAGAAACTGCA-1,5
TCTGCGAATCGTTCGC-1,3
TCTGCGTCCGGTTTCT-1,3
TCTGCTTAGAACAAGC-1,4
TCTGGCCGTTCAAGTT-1,3
TCTGGGAACCTTTGAA-1,4
TCTGGGTAGCGCTCAT-1,6
TCTGTCATACAAGAGC-1,3
TCTGTGATGGAGGTTG-1,3
TCTGTGCCATCATAGT-1,3
TCTGTTACCCAGCATA-1,6
TCTTACAGAGGTACCG-1,3
TCTTACCGGAACTCGT-1,3
TCTTACGGCATCCGAC-1,5
TCTTACTTATGCCTCT-1,5
TCTTAGAGCTCCAATT-1,3
TCTTAGAGTGAACTCT-1,4
TCTTCCCATGGGCACA-1,3
TCTTCGAATAGACGTT-1,5
TCTTCGATACCAATAA-1,4
TCTTCGCGGTGAGAGG-1,6
TCTTCTATAACCCGCC-1,4
TCTTGATGCGTAGCGA-1,4
TCTTGCTCCCGATACT-1,7
TCTTGGTAACACCAAA-1,3
TCTTTAAGACTATGAA-1,3
TCTTTAGAGTCTAACA-1,5
TCTTTAGCAGGCGAAC-1,3
TCTTTCCTTCGAGATA-1,6
TCTTTCTCTTAAGGAG-1,3
TGAAACTTATGCAAGC-1,3
TGAAAGGACCTGACTC-1,4
TGAACAAGCAGGGACT-1,7
TGAAGAGCGGTCCTAG-1,3
TGAATACCGACGCGTA-1,7
TGAATATGCTATAAAC-1,3
TGAATGAGATACAGCA-1,3
TGAATGAGTGTTTCCC-1,7
TGAATGTCAGCCGGCC-1,5
TGACACTTCTCTTTGC-1,3
TGACAGGACAAGTCCA-1,6
TGACATCGAGCGGACC-1,3
TGACATGTAACGTGAC-1,7
TGACCAAATCTTAAAC-1,7
TGACCAGCTTCAAAGT-1,3
TGACCCACGTTAGACA-1,5
TGACCCAGCATTCCCG-1,3
TGACGAATATTTCCCT-1,6
TGACGATGCACTAGAA-1,4
TGACTATAATCCTTTC-1,6
TGACTCCGAATCATAC-1,6
TGAGAATGCTTTACCG-1,3
TGAGAGATTTACCACG-1,5
TGAGATCAAATACTCA-1,3
TGAGATTAGGCCCTAA-1,3
TGAGCCATACAGTCTC-1,6
TGAGCGGAAAGTGTTC-1,7
TGAGCTTTAATGACGC-1,3
TGAGGAGTGCCAGCTT-1,7
TGAGGCATGTACTGTG-1,6
TGAGTAAATTAGCGTA-1,6
TGAGTGCCTCTTAAAT-1,6
TGAGTGGTCCGTGACG-1,3
TGAGTTAAAGACATTC-1,5
TGATACATTTAGCCGT-1,7
TGATAGCGGGATTCTA-1,4
TGATCACCACACTGAC-1,7
TGATCAGGGAACTGCT-1,6
TGATCCCAGCATTAGT-1,3
TGATCGGTTTGACCCT-1,4
TGATCTACGCTGATCT-1,3
TGATCTCCGGCGCCAG-1,5
TGATGCTCACGTAGTC-1,3
TGATGGCTGTTTCTGA-1,3
TGATGTCAATTAAGTG-1,6
TGATTATGGCACGCAG-1,3
TGATTCAGGTCCCGCG-1,5
TGATTCCCGGTTACCT-1,7
TGATTCGTCTATCACT-1,5
TGATTCTGTCGCCGGT-1,6
TGATTTATTAGCTGTG-1,5
TGATTTCCTCCTGACG-1,3
TGCAACCCATCTGCGG-1,6
TGCAAGAATGACGTAA-1,4
TGCAATCTAACACGGT-1,6
TGCAATTTGGGCACGG-1,3
TGCACAGTGAAGTTAT-1,3
TGCACGAGTCGGCAGC-1,3
TGCACTATGTGAGTGC-1,3
TGCAGAACTATATCGT-1,5
TGCAGAGTACCGAGCA-1,5
TGCAGATCGTCCTAGG-1,5
TGCAGCTACGTACTTC-1,5
TGCAGGATCGGCAAAG-1,3
TGCAGTGAGGCTCGGG-1,3
TGCAGTGGTAGGGAAC-1,6
TGCAGTTTCCTCCCAT-1,5
TGCATATGTCTGTCAC-1,4
TGCATCTCCGGATCTT-1,3
TGCATGGATCGGATCT-1,3
TGCATGGCAGTCTTGC-1,3
TGCATGTGACCCATAG-1,7
TGCATGTGGTAATCTA-1,3
TGCCAAAGTCAGACTT-1,5
TGCCAATGGGTACTCT-1,7
TGCCACCTGGCGAAAC-1,3
TGCCAGTACGTGGAGA-1,6
TGCCATGGCTTATAAG-1,3
TGCCATTACTAAAGAA-1,3
TGCCCGTACCGTTAAA-1,6
TGCCGAAAGCGTATTC-1,3
TGCCGGATGTACGAGC-1,7
TGCCGTGGATCGTCCT-1,7
TGCCTAATTGAAGATT-1,6
TGCCTGACATCGGTCA-1,3
TGCCTGATCAAACGAT-1,3
TGCCTTGGCCAGGCAA-1,6
TGCGAATATGGGATTT-1,5
TGCGACACCCTAGTGC-1,6
TGCGACGGCCGAACGT-1,6
TGCGAGAATATTACCC-1,6
TGCGAGATGGCGGCCA-1,3
TGCGAGCCCTTCCGCG-1,3
TGCGATGCTAATGGCT-1,3
TGCGCAAAGCATTTGG-1,4
TGCGCGATTAACGGAG-1,5
TGCGGACTTGACTCCG-1,7
TGCGGAGTAAAGGTGC-1,3
TGCGGCATAGTTCAAC-1,3
TGCGGTCTACGAGTAA-1,3
TGCGGTGAAATTTCAT-1,3
TGCGTAAGAACCTGAT-1,6
TGCGTACGGCTAATTG-1,6
TGCGTCATGACTGAGC-1,6
TGCGTGATTGGGTGTC-1,3
TGCGTTTGTTGACACT-1,5
TGCTAAGTGTCTATTT-1,6
TGCTATACAAACGGAC-1,3
TGCTCACACAACAACC-1,3
TGCTCCACAGTTCTTA-1,5
TGCTCGGCGAAACCCA-1,7
TGCTCGGTGGGTCACC-1,7
TGCTCTTGAGAGTTTG-1,7
TGCTGCGTCAGAGTTA-1,3
TGCTGGTTGGACAATT-1,4
TGCTGTTGAAGAACTC-1,5
TGCTTAGAGAGAATGC-1,6
TGCTTCCCAAGCAGTA-1,7
TGGAACCACTGACACA-1,3
TGGAAGAAGGGAACGT-1,5
TGGAAGACGAACACCA-1,3
TGGAAGGATAAAGATG-1,3
TGGAATATCCTTGACC-1,3
TGGAATTAGACGCTTT-1,5
TGGACACCGTTGCTTG-1,3
TGGACCAATCTAAGAT-1,7
TGGACGCAATCCAGCC-1,6
TGGACTGTTCGCTCAA-1,5
TGGAGCTAAAGTTCCC-1,3
TGGAGTGATGCGATGA-1,5
TGGATAGAGTAACAGA-1,3
TGGCAAACTAAATTAC-1,6
TGGCAACTCGCGCGCC-1,3
TGGCAAGCACAAGTCG-1,7
TGGCAATGGGACGGCG-1,6
TGGCACGAGCTCGAGT-1,3
TGGCAGATTACGATCA-1,6
TGGCAGCAGTAATAGT-1,5
TGGCATGAAGTTTGGG-1,6
TGGCCAAACTGAAGTA-1,3
TGGCCAATTTGGTACT-1,5
TGGCCGTATATTGACC-1,5
TGGCGACTGCTCCAAA-1,7
TGGCGATCAAGTTATG-1,6
TGGCGGTGTGCGATTG-1,3
TGGCTACACTCTACCT-1,6
TGGCTATGTGACATAC-1,7
TGGCTCTTGTCGCGTA-1,5
TGGCTTGTACAAGCTT-1,3
TGGCTTTGGGTAGACA-1,3
TGGGAAATGCCTTTCC-1,5
TGGGATGCACTCATTC-1,3
TGGGCAATAGTTGGGT-1,4
TGGGCACAAACAGAAC-1,3
TGGGCACGTTCTATGG-1,3
TGGGCAGGCCACCGCA-1,5
TGGGCCACAAGAGCGC-1,3
TGGGCCCATACTAATT-1,5
TGGGCGATACAATAAG-1,7
TGGGTAAGGTTCCCGC-1,3
TGGGTGCACAAGCCAT-1,7
TGGGTGGGATGTCATT-1,3
TGGTAAGCAGGATTGA-1,5
TGGTAGAATATATGGG-1,5
TGGTATCGCATCCCAA-1,3
TGGTATCGGTCTGTAT-1,3
TGGTCCCACGCTACGG-1,6
TGGTCGTGCAAGGCAA-1,5
TGGTCGTTTGATAGAT-1,3
TGGTCTGTTGGGCGTA-1,5
TGGTGATCGTATTTGT-1,4
TGGTTAAGGGCGCTGG-1,3
TGGTTCAACGGGTAAT-1,6
TGGTTCGTAGCAAAGG-1,3
TGGTTGGAGGATCCTG-1,3
TGGTTTAAACGTGGGT-1,3
TGTAATGACCACAATA-1,5
TGTAATGCCTTCGGAC-1,3
TGTACCTACACGAGGG-1,6
TGTACGAACAAATCCG-1,5
TGTACGCTATCAGCTT-1,3
TGTACTGTGCCAAAGT-1,3
TGTAGCCATCCCATTC-1,6
TGTAGGAGAAATTTCC-1,4
TGTAGTGATCTATAAT-1,5
TGTATAACAGATCCTG-1,3
TGTATCAGACTGAAGC-1,3
TGTATCCTTATTCCAT-1,3
TGTATGGCGCAGACAG-1,5
TGTATTTACCTAATGC-1,3
TGTCATTTGTTGGGAA-1,3
TGTCCACGGCTCAACT-1,6
TGTCCCGACATAGCAC-1,3
TGTCCGTGGCGCCTTT-1,5
TGTCCTAAGTCACCGC-1,5
TGTCGGCATGGTGGAA-1,3
TGTCGTTATCACATAT-1,6
TGTCTACAGTTTCTGT-1,3
TGTGACTACGCCAGTC-1,3
TGTGAGACTAGCCCAA-1,7
TGTGATTCCAGCGCTT-1,3
TGTGCCGGTGCCGGAA-1,6
TGTGCTTTACGTAAGA-1,5
TGTGGACTATCTACGT-1,5
TGTGGAGGAAGCTTAA-1,3
TGTGGCAAAGCGTATG-1,3
TGTGGCGGGCTTCTGG-1,7
TGTGGCTCCCACCAAC-1,4
TGTGGTAGGGTGCCTT-1,5
TGTGGTTGCTAAAGCT-1,7
TGTGTAGTAGCACGTG-1,6
TGTGTCGCGAGTTGCA-1,5
TGTGTTCGTATCCAAG-1,5
TGTTATTGTATGTGGC-1,5
TGTTCATAAATGTGCT-1,3
TGTTCCGCTTCCATGA-1,5
TGTTCGTATTGCGGTG-1,6
TGTTCTCTACTCCCTA-1,3
TGTTCTTCCATTGACT-1,5
TGTTGATCACTGTTTA-1,3
TGTTGCCGTCGTCCCA-1,4
TGTTGTCAAGAAGTCT-1,3
TGTTTAATACTTCATC-1,3
TGTTTCGGTACTTCTC-1,3
TGTTTGAGATCGTCAG-1,5
TTAAACAGAGTCCCGC-1,3
TTAAACCGGTAGCGAC-1,3
TTAAACCTGGTTCCTT-1,4
TTAAACTCGAATTCAT-1,3
TTAACACCTCGAACAT-1,5
TTAACCAACCCTCCCT-1,3
TTAACGAACAAGCAGT-1,3
TTAACGTCGCAAGACC-1,3
TTAACTCACGCGTGGA-1,4
TTAACTTCAGGTAGGA-1,6
TTAAGACGAACGAACC-1,3
TTAAGATAGGATTGAC-1,4
TTAAGCCGACAACTTC-1,3
TTAAGCGCCTGACCCA-1,5
TTAAGGATACGGAGGT-1,3
TTAAGGCCCGTACTTT-1,6
TTAAGTATTGTTATCC-1,6
TTAATCAGTACGTCAG-1,3
TTAATGCGAGGTAACT-1,3
TTAATGTAGACCAGGT-1,4
TTAATTGCTTTGGGTG-1,7
TTAATTTCAGACGCGG-1,3
TTACAACTACGCATCC-1,4
TTACACGATCTGCGAC-1,6
TTACAGACCTAAATGA-1,3
TTACATCGTGGCCTGG-1,4
TTACATGCCACAACTA-1,4
TTACCATTGATTACCC-1,5
TTACCCATTGCCGGGT-1,3
TTACCCTAACAGTCCT-1,5
TTACCCTAGGGATTGG-1,7
TTACCGCCTTAGGGAA-1,3
TTACGGATGGTTCGAG-1,3
TTACGTAGCGCGTGCT-1,3
TTACGTATCTATGACA-1,6
TTACTAAAGGACTTTA-1,6
TTACTATCGGCTTCTC-1,5
TTACTCCGGCCGGGAA-1,4
TTACTCTGGTACGTAC-1,6
TTACTGGGATATTTCA-1,6
TTACTGTCTAGAGCTC-1,3
TTACTGTTTCTCTACG-1,3
TTAGAAGAACATGACT-1,6
TTAGAATAAGGGTCGG-1,7
TTAGACACGATCGTTG-1,3
TTAGACGAGTCACCTC-1,6
TTAGAGTTTAGAAGGA-1,5
TTAGATAGGTCGATAC-1,3
TTAGCAACATGGATGT-1,4
TTAGCTAATACGATCT-1,3
TTAGCTCTGTAATCCG-1,5
TTAGCTGATTTGCCGT-1,4
TTAGGTCATAACCGAC-1,7
TTAGTAAACCTGCTCT-1,6
TTAGTAGGGCGGCGGG-1,5
TTAGTTATTCGTGGCA-1,5
TTAGTTCAAGTGTTCG-1,3
TTATAGATGCACATTA-1,3
TTATAGGTAATTGTCT-1,7
TTATAGTCCAAGGTGC-1,3
TTATATACGCTGTCAC-1,5
TTATATTTGGCAATCC-1,3
TTATCCAATCGAACTC-1,3
TTATCCGGGATCTATA-1,6
TTATCCTCAAGGAATA-1,6
TTATCGCCTGCGAAGC-1,5
TTATCTGACATTAGGA-1,5
TTATCTGTATCATAAC-1,3
TTATGAATGAAAGGGA-1,5
TTATGACAAACTGGAT-1,5
TTATGATCTTAACGAA-1,5
TTATGCGTCCCGGTCC-1,3
TTATGTTTGCGATAGA-1,5
TTATTAGAGCGTGTTC-1,6
TTATTAGGGAAGCATC-1,3
TTATTATCTGGAAGGC-1,5
TTCAAAGTCTCTAGCC-1,4
TTCAACGACCCGACCG-1,3
TTCAAGCCGAGCTGAG-1,3
TTCAATACTCTGAATC-1,4
TTCAATTAGCCATAAT-1,3
TTCACGAAAGGATCAC-1,5
TTCACTCGAGCACCTA-1,6
TTCACTTCCTAGAACG-1,7
TTCAGCCCTGGTCCAC-1,5
TTCAGCTGGCGTGCCC-1,6
TTCAGGCGTCAAAGCC-1,5
TTCATGGCGCAACAGG-1,3
TTCCAATCAGAGCTAG-1,3
TTCCAATCTGGCTATC-1,6
TTCCACACAGATTTGA-1,6
TTCCACATTTCTCGTC-1,3
TTCCAGACGAGATTTA-1,3
TTCCATCATGCGGTGA-1,3
TTCCATCGACAGCGTG-1,6
TTCCCGACGCTTCACT-1,3
TTCCCGGCGCCAATAG-1,5
TTCCGCAGAGAAATAT-1,3
TTCCGCGTGAGGCGAT-1,6
TTCCGGCCTTGAGGCT-1,7
TTCCGGCTCGACTTCT-1,3
TTCCGGTATCTGTGTC-1,3
TTCCGGTTACCCACTT-1,5
TTCCTCGAGGGTGTCT-1,3
TTCCTCGGACTAACCA-1,6
TTCCTCTGCCCGAATA-1,5
TTCCTTTCTGTGTTGC-1,3
TTCGACAGAGCCCGTG-1,6
TTCGACGGGAAGGGCG-1,4
TTCGAGCCGGCGCTAC-1,3
TTCGCACTCGCGTGCT-1,5
TTCGCACTGTACGACA-1,7
TTCGCATCCGGAAGCA-1,3
TTCGCCGCTCGCGCTA-1,6
TTCGCGCGCCATACGA-1,7
TTCGCTAGGAAGTTGT-1,3
TTCGCTATCTGACGTG-1,3
TTCGGACTGATGCCTT-1,3
TTCGGCAACCCGCTGA-1,3
TTCGGCTAGAGATGGT-1,3
TTCGGGACTAATCGCG-1,5
TTCGGGCGCTAGTCTT-1,6
TTCGGGTTGCCACGGG-1,6
TTCGGTACTGTAGAGG-1,7
TTCGGTGGAGACGCCC-1,4
TTCGTAATCCCAGCGG-1,3
TTCGTACTCCAGAACG-1,5
TTCGTGGGCTGGAAGC-1,3
TTCGTTCAACGAAGTT-1,3
TTCTAACCGAAGCTTA-1,3
TTCTACCTTTATGTTG-1,3
TTCTACTTGCGAGGGC-1,4
TTCTAGAAAGTCTTAT-1,7
TTCTAGGCCAATTGTG-1,4
TTCTATGCCTTTCGCA-1,3
TTCTATTAAACGCAGC-1,7
TTCTCTTACAGGTGAT-1,6
TTCTGACCGGGCTCAA-1,6
TTCTGCCGCGCCTAGA-1,6
TTCTGCGAGCGCCCTT-1,5
TTCTGCGGGTTAGCGG-1,5
TTCTGCTAGACTCCAA-1,3
TTCTGTTTCCTGTCGC-1,3
TTCTTAGTGAACGGTG-1,3
TTCTTAGTGGCTCAGA-1,3
TTCTTATCCGCTGGGT-1,5
TTCTTCCCTTTGATAT-1,3
TTCTTCGCAATAGAGC-1,3
TTCTTGAGCCGCGCTA-1,6
TTCTTGCTAGCATCTC-1,3
TTCTTGGACGATCTGC-1,6
TTCTTGGAGTAATGAG-1,3
TTCTTGTAACCTAATG-1,5
TTCTTGTGTCCATCAG-1,4
TTCTTTGGTCGCGACG-1,3
TTGAAAGGTGTAAAGG-1,3
TTGAACGAATCCTTTG-1,3
TTGAACGACGTGCTGA-1,6
TTGAAGAATTCCCAGG-1,5
TTGAAGGATGGGCGCC-1,6
TTGAATATGGACTTTC-1,4
TTGAATCGTTGTATAA-1,5
TTGAATTCACGTGAGG-1,4
TTGACAGGAGCTCCCG-1,5
TTGACATGAACGTGGA-1,6
TTGACCAGGAACAACT-1,7
TTGACCATGTTCTCCG-1,3
TTGACCGTGTTAATGA-1,6
TTGACGATTCAGCACG-1,3
TTGACGCTCCATGAGC-1,4
TTGACTACCATATGGT-1,6
TTGACTATTGTCCGGC-1,5
TTGAGAAGTTTAGCAT-1,6
TTGAGAGTACTGCTAA-1,6
TTGAGCAGCCCACGGT-1,4
TTGAGCGCCACGTGAT-1,3
TTGAGGCATTTAACTC-1,3
TTGAGGGTCGAACGCG-1,3
TTGAGTCCCGCTGCTG-1,3
TTGATAGTCAATACAT-1,3
TTGATCTAACTTTGTC-1,5
TTGATGTGTAGTCCCG-1,3
TTGATTAGCTGTTTCT-1,6
TTGATTATGCAGATGA-1,5
TTGCACAATTCAGAAA-1,6
TTGCACGGAGCAGCAC-1,3
TTGCAGGTCATGAAGT-1,3
TTGCATGCTGATCACG-1,6
TTGCCAAGCAGAACCC-1,4
TTGCCATAGCCCGCTC-1,6
TTGCCCTGATCACGGG-1,5
TTGCCGCAGACCTACA-1,6
TTGCCGCTTTCTAGTA-1,7
TTGCCGGTGATCCCTC-1,3
TTGCGGCATCAGAAAG-1,6
TTGCGGCGACTCATGC-1,3
TTGCGTAGTTTGAGGA-1,5
TTGCGTCGGCCAACCG-1,6
TTGCGTGAACGCTTAG-1,3
TTGCGTGTGTAGGCAT-1,7
TTGCTCCCATACCGGA-1,3
TTGCTGAAGGAACCAC-1,3
TTGCTGATCATGTTCG-1,5
TTGCTGCACCTATCCA-1,4
TTGCTGGCCGGGCTTC-1,3
TTGGAAGAATACAGTC-1,6
TTGGACATGTGGCTTA-1,6
TTGGACCATCTGGCAA-1,5
TTGGACCTATAACAGT-1,6
TTGGAGTCTCCCTTCT-1,3
TTGGATATCGTCTACG-1,6
TTGGATCGACTTCTGG-1,3
TTGGATTGGGTACCAC-1,3
TTGGCCATCTTGCGCT-1,3
TTGGCCTAGAATTTCG-1,3
TTGGCGATCCGAATAT-1,3
TTGGCTCAATATGTGT-1,6
TTGGCTCGCATGAGAC-1,4
TTGGGAAGACGAGCCG-1,7
TTGGGACACTGCCCGC-1,3
TTGGGACGTAAGAGTT-1,5
TTGGGCGGCGGTTGCC-1,3
TTGGGTTTATTCAGCG-1,3
TTGGTATGGCTTGTGT-1,3
TTGGTCACACTCGTAA-1,6
TTGGTGCGGTGTTGAA-1,3
TTGGTTGCGGTGCGCG-1,6
TTGTAACTTCATAGCG-1,3
TTGTAAGGACCTAAGT-1,6
TTGTAAGGCCAGTTGG-1,3
TTGTAATCCGTACTCG-1,5
TTGTATCACACAGAAT-1,3
TTGTCGTTCAGTTACC-1,3
TTGTGAACCTAATCCG-1,6
TTGTGAGGCATGACGC-1,5
TTGTGCAGCCACGTCA-1,7
TTGTGGCCCTGACAGT-1,3
TTGTGGTAGGAGGGAT-1,6
TTGTGGTGGTACTAAG-1,6
TTGTGTATGCCACCAA-1,7
TTGTGTTTCCCGAAAG-1,6
TTGTTAGCAAATTCGA-1,4
TTGTTCAGTGTGCTAC-1,3
TTGTTGTGTGTCAAGA-1,3
TTGTTTCACATCCAGG-1,7
TTGTTTCATTAGTCTA-1,6
TTGTTTCCATACAACT-1,6
TTGTTTGTGTAAATTC-1,3
